,CPI,GDP,UNRATE,DGS3MO,DGS2,DGS10,PCE,FedFunds,VIX,LFPR
2015-08-17,,,,0.1,0.72,2.16,,,13.02,
2015-08-18,,,,0.07,0.74,2.2,,,13.79,
2015-08-19,,,,0.05,0.67,2.12,,,15.25,
2015-08-20,,,,0.02,0.69,2.09,,,19.14,
2015-08-21,,,,0.03,0.64,2.05,,,28.03,
2015-08-24,,,,0.06,0.59,2.01,,,40.74,
2015-08-25,,,,0.07,0.67,2.12,,,36.02,
2015-08-26,,,,0.06,0.67,2.18,,,30.32,
2015-08-27,,,,0.06,0.68,2.18,,,26.1,
2015-08-28,,,,0.06,0.72,2.19,,,26.05,
2015-08-31,,,,0.08,0.74,2.21,,,28.43,
2015-09-01,237.498,,5.0,0.03,0.7,2.17,12386.4,0.14,31.4,62.4
2015-09-02,,,,0.03,0.72,2.2,,,26.09,
2015-09-03,,,,0.02,0.71,2.18,,,25.61,
2015-09-04,,,,0.02,0.71,2.13,,,27.8,
2015-09-07,,,,,,,,,,
2015-09-08,,,,0.06,0.74,2.2,,,24.9,
2015-09-09,,,,0.03,0.75,2.21,,,26.23,
2015-09-10,,,,0.02,0.75,2.23,,,24.37,
2015-09-11,,,,0.04,0.71,2.2,,,23.2,
2015-09-14,,,,0.07,0.73,2.18,,,24.25,
2015-09-15,,,,0.07,0.82,2.28,,,22.54,
2015-09-16,,,,0.06,0.82,2.3,,,21.35,
2015-09-17,,,,0.01,0.7,2.21,,,21.14,
2015-09-18,,,,0.0,0.69,2.13,,,22.28,
2015-09-21,,,,0.01,0.72,2.2,,,20.14,
2015-09-22,,,,0.0,0.69,2.14,,,22.44,
2015-09-23,,,,0.01,0.7,2.16,,,22.13,
2015-09-24,,,,0.01,0.67,2.13,,,23.47,
2015-09-25,,,,0.0,0.7,2.17,,,23.62,
2015-09-28,,,,0.01,0.67,2.1,,,27.63,
2015-09-29,,,,0.01,0.64,2.05,,,26.83,
2015-09-30,,,,0.0,0.64,2.06,,,24.5,
2015-10-01,237.733,18892.206,5.0,0.0,0.64,2.05,12394.9,0.12,22.55,62.5
2015-10-02,,,,0.0,0.58,1.99,,,20.94,
2015-10-05,,,,0.01,0.61,2.07,,,19.54,
2015-10-06,,,,0.0,0.61,2.05,,,19.4,
2015-10-07,,,,0.0,0.65,2.08,,,18.4,
2015-10-08,,,,0.0,0.65,2.12,,,17.42,
2015-10-09,,,,0.01,0.65,2.12,,,17.08,
2015-10-12,,,,,,,,,16.17,
2015-10-13,,,,0.01,0.64,2.06,,,17.67,
2015-10-14,,,,0.0,0.57,1.99,,,18.03,
2015-10-15,,,,0.01,0.61,2.04,,,16.05,
2015-10-16,,,,0.01,0.61,2.04,,,15.05,
2015-10-19,,,,0.02,0.61,2.04,,,14.98,
2015-10-20,,,,0.02,0.66,2.08,,,15.75,
2015-10-21,,,,0.01,0.64,2.04,,,16.7,
2015-10-22,,,,0.0,0.61,2.04,,,14.45,
2015-10-23,,,,0.01,0.66,2.09,,,14.46,
2015-10-26,,,,0.02,0.66,2.07,,,15.29,
2015-10-27,,,,0.03,0.65,2.05,,,15.43,
2015-10-28,,,,0.04,0.73,2.1,,,14.33,
2015-10-29,,,,0.07,0.75,2.19,,,14.61,
2015-10-30,,,,0.08,0.75,2.16,,,15.07,
2015-11-02,,,,0.08,0.77,2.2,,,14.15,
2015-11-03,,,,0.06,0.8,2.23,,,14.54,
2015-11-04,,,,0.05,0.84,2.25,,,15.51,
2015-11-05,,,,0.05,0.85,2.26,,,15.05,
2015-11-06,,,,0.08,0.9,2.34,,,14.33,
2015-11-09,,,,0.14,0.89,2.36,,,16.52,
2015-11-10,,,,0.13,0.87,2.32,,,15.29,
2015-11-11,,,,,,,,,16.06,
2015-11-12,,,,0.14,0.89,2.32,,,18.37,
2015-11-13,,,,0.14,0.86,2.28,,,20.08,
2015-11-16,,,,0.15,0.88,2.27,,,18.16,
2015-11-17,,,,0.14,0.86,2.25,,,18.84,
2015-11-18,,,,0.12,0.9,2.27,,,16.85,
2015-11-19,,,,0.11,0.91,2.24,,,16.99,
2015-11-20,,,,0.12,0.93,2.26,,,15.47,
2015-11-23,,,,0.14,0.94,2.25,,,15.62,
2015-11-24,,,,0.16,0.93,2.24,,,15.93,
2015-11-25,,,,0.19,0.93,2.23,,,15.19,
2015-11-26,,,,,,,,,,
2015-11-27,,,,0.18,0.92,2.22,,,15.12,
2015-11-30,,,,0.22,0.94,2.21,,,16.13,
2015-12-01,237.761,,5.0,0.21,0.91,2.15,12452.0,0.24,14.67,62.7
2015-12-02,,,,0.21,0.94,2.18,,,15.91,
2015-12-03,,,,0.21,0.96,2.33,,,18.11,
2015-12-04,,,,0.23,0.96,2.28,,,14.81,
2015-12-07,,,,0.29,0.94,2.23,,,15.84,
2015-12-08,,,,0.27,0.94,2.24,,,17.6,
2015-12-09,,,,0.26,0.93,2.22,,,19.61,
2015-12-10,,,,0.24,0.95,2.24,,,19.34,
2015-12-11,,,,0.23,0.88,2.13,,,24.39,
2015-12-14,,,,0.26,0.97,2.23,,,22.73,
2015-12-15,,,,0.25,0.98,2.28,,,20.95,
2015-12-16,,,,0.27,1.02,2.3,,,17.86,
2015-12-17,,,,0.23,1.0,2.24,,,18.94,
2015-12-18,,,,0.19,0.97,2.19,,,20.7,
2015-12-21,,,,0.24,0.96,2.2,,,18.7,
2015-12-22,,,,0.21,0.99,2.24,,,16.6,
2015-12-23,,,,0.2,1.01,2.27,,,15.57,
2015-12-24,,,,0.2,1.03,2.25,,,15.74,
2015-12-25,,,,,,,,,,
2015-12-28,,,,0.23,1.05,2.24,,,16.91,
2015-12-29,,,,0.23,1.09,2.32,,,16.08,
2015-12-30,,,,0.21,1.08,2.31,,,17.29,
2015-12-31,,,,0.16,1.06,2.27,,,18.21,
2016-01-01,237.652,19001.69,4.8,,,,12478.0,0.34,,62.7
2016-01-04,,,,0.22,1.02,2.24,,,20.7,
2016-01-05,,,,0.2,1.04,2.25,,,19.34,
2016-01-06,,,,0.21,0.99,2.18,,,20.59,
2016-01-07,,,,0.2,0.96,2.16,,,24.99,
2016-01-08,,,,0.2,0.94,2.13,,,27.01,
2016-01-11,,,,0.21,0.94,2.17,,,24.3,
2016-01-12,,,,0.21,0.93,2.12,,,22.47,
2016-01-13,,,,0.22,0.91,2.08,,,25.22,
2016-01-14,,,,0.25,0.9,2.1,,,23.95,
2016-01-15,,,,0.24,0.85,2.03,,,27.02,
2016-01-18,,,,,,,,,,
2016-01-19,,,,0.26,0.88,2.06,,,26.05,
2016-01-20,,,,0.26,0.85,2.01,,,27.59,
2016-01-21,,,,0.28,0.84,2.02,,,26.69,
2016-01-22,,,,0.31,0.88,2.07,,,22.34,
2016-01-25,,,,0.31,0.88,2.03,,,24.15,
2016-01-26,,,,0.31,0.85,2.01,,,22.5,
2016-01-27,,,,0.32,0.84,2.02,,,23.11,
2016-01-28,,,,0.35,0.83,2.0,,,22.42,
2016-01-29,,,,0.33,0.76,1.94,,,20.2,
2016-02-01,237.336,,4.9,0.35,0.81,1.97,12554.5,0.38,19.98,62.8
2016-02-02,,,,0.34,0.75,1.87,,,21.98,
2016-02-03,,,,0.33,0.72,1.88,,,21.65,
2016-02-04,,,,0.29,0.7,1.87,,,21.84,
2016-02-05,,,,0.3,0.74,1.86,,,23.38,
2016-02-08,,,,0.32,0.66,1.75,,,26.0,
2016-02-09,,,,0.3,0.69,1.74,,,26.54,
2016-02-10,,,,0.31,0.71,1.71,,,26.29,
2016-02-11,,,,0.28,0.64,1.63,,,28.14,
2016-02-12,,,,0.3,0.71,1.74,,,25.4,
2016-02-15,,,,,,,,,,
2016-02-16,,,,0.3,0.74,1.78,,,24.11,
2016-02-17,,,,0.3,0.74,1.81,,,22.31,
2016-02-18,,,,0.3,0.71,1.75,,,21.64,
2016-02-19,,,,0.31,0.76,1.76,,,20.53,
2016-02-22,,,,0.33,0.78,1.77,,,19.38,
2016-02-23,,,,0.32,0.76,1.74,,,20.98,
2016-02-24,,,,0.33,0.75,1.75,,,20.72,
2016-02-25,,,,0.32,0.72,1.71,,,19.11,
2016-02-26,,,,0.33,0.8,1.76,,,19.81,
2016-02-29,,,,0.33,0.78,1.74,,,20.55,
2016-03-01,238.08,,5.0,0.33,0.85,1.83,12537.0,0.36,17.7,63.0
2016-03-02,,,,0.36,0.85,1.84,,,17.09,
2016-03-03,,,,0.28,0.85,1.83,,,16.7,
2016-03-04,,,,0.29,0.88,1.88,,,16.86,
2016-03-07,,,,0.32,0.91,1.91,,,17.35,
2016-03-08,,,,0.29,0.88,1.83,,,18.67,
2016-03-09,,,,0.3,0.9,1.9,,,18.34,
2016-03-10,,,,0.32,0.93,1.93,,,18.05,
2016-03-11,,,,0.33,0.97,1.98,,,16.5,
2016-03-14,,,,0.34,0.97,1.97,,,16.92,
2016-03-15,,,,0.34,0.98,1.97,,,16.84,
2016-03-16,,,,0.31,0.87,1.94,,,14.99,
2016-03-17,,,,0.29,0.87,1.91,,,14.44,
2016-03-18,,,,0.3,0.84,1.88,,,14.02,
2016-03-21,,,,0.31,0.87,1.92,,,13.79,
2016-03-22,,,,0.3,0.91,1.94,,,14.17,
2016-03-23,,,,0.3,0.87,1.88,,,14.94,
2016-03-24,,,,0.3,0.89,1.91,,,14.74,
2016-03-25,,,,,,,,,,
2016-03-28,,,,0.29,0.89,1.89,,,15.24,
2016-03-29,,,,0.23,0.78,1.81,,,13.82,
2016-03-30,,,,0.2,0.76,1.83,,,13.56,
2016-03-31,,,,0.21,0.73,1.78,,,13.95,
2016-04-01,238.992,19062.709,5.1,0.23,0.76,1.79,12611.5,0.37,13.1,62.9
2016-04-04,,,,0.23,0.75,1.78,,,14.12,
2016-04-05,,,,0.23,0.72,1.73,,,15.42,
2016-04-06,,,,0.23,0.73,1.76,,,14.09,
2016-04-07,,,,0.23,0.7,1.7,,,16.16,
2016-04-08,,,,0.23,0.7,1.72,,,15.36,
2016-04-11,,,,0.23,0.7,1.73,,,16.26,
2016-04-12,,,,0.22,0.74,1.79,,,14.85,
2016-04-13,,,,0.23,0.75,1.77,,,13.84,
2016-04-14,,,,0.22,0.77,1.8,,,13.72,
2016-04-15,,,,0.22,0.74,1.76,,,13.62,
2016-04-18,,,,0.22,0.75,1.78,,,13.35,
2016-04-19,,,,0.21,0.77,1.79,,,13.24,
2016-04-20,,,,0.23,0.8,1.85,,,13.28,
2016-04-21,,,,0.23,0.82,1.88,,,13.95,
2016-04-22,,,,0.23,0.84,1.89,,,13.22,
2016-04-25,,,,0.25,0.85,1.91,,,14.08,
2016-04-26,,,,0.24,0.86,1.94,,,13.96,
2016-04-27,,,,0.24,0.83,1.87,,,13.77,
2016-04-28,,,,0.22,0.78,1.84,,,15.22,
2016-04-29,,,,0.22,0.77,1.83,,,15.7,
2016-05-02,,,,0.22,0.8,1.88,,,14.68,
2016-05-03,,,,0.21,0.75,1.81,,,15.6,
2016-05-04,,,,0.19,0.75,1.79,,,16.05,
2016-05-05,,,,0.2,0.72,1.76,,,15.91,
2016-05-06,,,,0.19,0.74,1.79,,,14.72,
2016-05-09,,,,0.24,0.72,1.77,,,14.57,
2016-05-10,,,,0.24,0.72,1.77,,,13.63,
2016-05-11,,,,0.26,0.74,1.73,,,14.69,
2016-05-12,,,,0.27,0.76,1.75,,,14.41,
2016-05-13,,,,0.29,0.76,1.71,,,15.04,
2016-05-16,,,,0.28,0.79,1.75,,,14.68,
2016-05-17,,,,0.28,0.82,1.76,,,15.57,
2016-05-18,,,,0.3,0.9,1.87,,,15.95,
2016-05-19,,,,0.31,0.89,1.85,,,16.33,
2016-05-20,,,,0.33,0.89,1.85,,,15.2,
2016-05-23,,,,0.35,0.91,1.84,,,15.82,
2016-05-24,,,,0.35,0.92,1.86,,,14.42,
2016-05-25,,,,0.33,0.92,1.87,,,13.9,
2016-05-26,,,,0.31,0.87,1.83,,,13.43,
2016-05-27,,,,0.32,0.9,1.85,,,13.12,
2016-05-30,,,,,,,,,,
2016-05-31,,,,0.34,0.87,1.84,,,14.19,
2016-06-01,240.222,,4.9,0.3,0.91,1.85,12731.2,0.38,14.2,62.7
2016-06-02,,,,0.29,0.89,1.81,,,13.63,
2016-06-03,,,,0.3,0.78,1.71,,,13.47,
2016-06-06,,,,0.28,0.8,1.73,,,13.65,
2016-06-07,,,,0.28,0.78,1.72,,,14.05,
2016-06-08,,,,0.24,0.78,1.71,,,14.08,
2016-06-09,,,,0.26,0.77,1.68,,,14.64,
2016-06-10,,,,0.26,0.73,1.64,,,17.03,
2016-06-13,,,,0.27,0.73,1.62,,,20.97,
2016-06-14,,,,0.27,0.74,1.62,,,20.5,
2016-06-15,,,,0.26,0.69,1.6,,,20.14,
2016-06-16,,,,0.27,0.7,1.57,,,19.37,
2016-06-17,,,,0.27,0.7,1.62,,,19.41,
2016-06-20,,,,0.28,0.74,1.67,,,18.37,
2016-06-21,,,,0.27,0.76,1.71,,,18.48,
2016-06-22,,,,0.27,0.75,1.69,,,21.17,
2016-06-23,,,,0.31,0.78,1.74,,,17.25,
2016-06-24,,,,0.27,0.64,1.57,,,25.76,
2016-06-27,,,,0.27,0.61,1.46,,,23.85,
2016-06-28,,,,0.26,0.61,1.46,,,18.75,
2016-06-29,,,,0.26,0.62,1.5,,,16.64,
2016-06-30,,,,0.26,0.58,1.49,,,15.63,
2016-07-01,240.101,19197.938,4.8,0.28,0.59,1.46,12756.7,0.39,14.77,62.8
2016-07-04,,,,,,,,,,
2016-07-05,,,,0.28,0.56,1.37,,,15.58,
2016-07-06,,,,0.27,0.58,1.38,,,14.96,
2016-07-07,,,,0.29,0.58,1.4,,,14.76,
2016-07-08,,,,0.28,0.61,1.37,,,13.2,
2016-07-11,,,,0.31,0.66,1.43,,,13.54,
2016-07-12,,,,0.29,0.69,1.53,,,13.55,
2016-07-13,,,,0.31,0.68,1.48,,,13.04,
2016-07-14,,,,0.32,0.68,1.53,,,12.82,
2016-07-15,,,,0.32,0.71,1.6,,,12.67,
2016-07-18,,,,0.32,0.68,1.59,,,12.44,
2016-07-19,,,,0.31,0.7,1.56,,,11.97,
2016-07-20,,,,0.32,0.73,1.59,,,11.77,
2016-07-21,,,,0.32,0.7,1.57,,,12.74,
2016-07-22,,,,0.33,0.71,1.57,,,12.02,
2016-07-25,,,,0.32,0.72,1.58,,,12.87,
2016-07-26,,,,0.31,0.75,1.57,,,13.05,
2016-07-27,,,,0.31,0.73,1.52,,,12.83,
2016-07-28,,,,0.25,0.72,1.52,,,12.72,
2016-07-29,,,,0.28,0.67,1.46,,,11.87,
2016-08-01,240.545,,4.9,0.29,0.67,1.51,12788.1,0.4,12.44,62.9
2016-08-02,,,,0.29,0.67,1.55,,,13.37,
2016-08-03,,,,0.28,0.67,1.55,,,12.86,
2016-08-04,,,,0.26,0.64,1.51,,,12.42,
2016-08-05,,,,0.28,0.72,1.59,,,11.39,
2016-08-08,,,,0.31,0.74,1.59,,,11.5,
2016-08-09,,,,0.29,0.71,1.55,,,11.66,
2016-08-10,,,,0.28,0.69,1.5,,,12.05,
2016-08-11,,,,0.28,0.76,1.57,,,11.68,
2016-08-12,,,,0.29,0.71,1.51,,,11.55,
2016-08-15,,,,0.31,0.72,1.55,,,11.81,
2016-08-16,,,,0.27,0.76,1.57,,,12.64,
2016-08-17,,,,0.3,0.74,1.56,,,12.19,
2016-08-18,,,,0.3,0.71,1.53,,,11.43,
2016-08-19,,,,0.3,0.76,1.58,,,11.34,
2016-08-22,,,,0.29,0.76,1.55,,,12.27,
2016-08-23,,,,0.3,0.74,1.55,,,12.38,
2016-08-24,,,,0.31,0.76,1.56,,,13.45,
2016-08-25,,,,0.33,0.78,1.58,,,13.63,
2016-08-26,,,,0.34,0.84,1.62,,,13.65,
2016-08-29,,,,0.33,0.81,1.57,,,12.94,
2016-08-30,,,,0.33,0.8,1.57,,,13.12,
2016-08-31,,,,0.33,0.8,1.58,,,13.42,
2016-09-01,241.176,,5.0,0.33,0.78,1.57,12846.6,0.4,13.48,62.9
2016-09-02,,,,0.33,0.8,1.6,,,11.98,
2016-09-05,,,,,,,,,,
2016-09-06,,,,0.32,0.74,1.55,,,12.02,
2016-09-07,,,,0.34,0.74,1.54,,,11.94,
2016-09-08,,,,0.35,0.78,1.61,,,12.51,
2016-09-09,,,,0.35,0.79,1.67,,,17.5,
2016-09-12,,,,0.37,0.79,1.68,,,15.16,
2016-09-13,,,,0.36,0.8,1.73,,,17.85,
2016-09-14,,,,0.33,0.77,1.7,,,18.14,
2016-09-15,,,,0.29,0.74,1.71,,,16.3,
2016-09-16,,,,0.3,0.77,1.7,,,15.37,
2016-09-19,,,,0.3,0.79,1.7,,,15.53,
2016-09-20,,,,0.3,0.79,1.69,,,15.92,
2016-09-21,,,,0.22,0.79,1.66,,,13.3,
2016-09-22,,,,0.18,0.79,1.63,,,12.02,
2016-09-23,,,,0.18,0.77,1.62,,,12.29,
2016-09-26,,,,0.25,0.76,1.59,,,14.5,
2016-09-27,,,,0.26,0.75,1.56,,,13.1,
2016-09-28,,,,0.27,0.75,1.57,,,12.39,
2016-09-29,,,,0.26,0.73,1.56,,,14.02,
2016-09-30,,,,0.29,0.77,1.6,,,13.29,
2016-10-03,,,,0.32,0.8,1.63,,,13.57,
2016-10-04,,,,0.33,0.82,1.69,,,13.63,
2016-10-05,,,,0.32,0.85,1.72,,,12.99,
2016-10-06,,,,0.33,0.86,1.75,,,12.84,
2016-10-07,,,,0.33,0.83,1.73,,,13.48,
2016-10-10,,,,,,,,,13.38,
2016-10-11,,,,0.35,0.87,1.77,,,15.36,
2016-10-12,,,,0.37,0.87,1.79,,,15.91,
2016-10-13,,,,0.3,0.85,1.75,,,16.69,
2016-10-14,,,,0.32,0.84,1.8,,,16.12,
2016-10-17,,,,0.34,0.81,1.77,,,16.21,
2016-10-18,,,,0.34,0.82,1.75,,,15.28,
2016-10-19,,,,0.35,0.81,1.76,,,14.41,
2016-10-20,,,,0.35,0.84,1.76,,,13.75,
2016-10-21,,,,0.34,0.84,1.74,,,13.34,
2016-10-24,,,,0.33,0.84,1.77,,,13.02,
2016-10-25,,,,0.34,0.86,1.77,,,13.46,
2016-10-26,,,,0.33,0.86,1.79,,,14.24,
2016-10-27,,,,0.3,0.87,1.85,,,15.36,
2016-10-28,,,,0.3,0.86,1.86,,,16.19,
2016-10-31,,,,0.34,0.86,1.84,,,17.06,
2016-11-01,242.026,,4.7,0.35,0.83,1.83,12893.0,0.41,18.56,62.7
2016-11-02,,,,0.37,0.81,1.81,,,19.32,
2016-11-03,,,,0.38,0.81,1.82,,,22.08,
2016-11-04,,,,0.38,0.8,1.79,,,22.51,
2016-11-07,,,,0.41,0.82,1.83,,,18.71,
2016-11-08,,,,0.43,0.87,1.88,,,18.74,
2016-11-09,,,,0.45,0.9,2.07,,,14.38,
2016-11-10,,,,0.48,0.92,2.15,,,14.74,
2016-11-11,,,,,,,,,14.17,
2016-11-14,,,,0.55,1.0,2.23,,,14.48,
2016-11-15,,,,0.51,1.02,2.23,,,13.37,
2016-11-16,,,,0.47,1.0,2.22,,,13.72,
2016-11-17,,,,0.44,1.04,2.29,,,13.35,
2016-11-18,,,,0.44,1.07,2.34,,,12.85,
2016-11-21,,,,0.46,1.08,2.33,,,12.42,
2016-11-22,,,,0.49,1.07,2.31,,,12.41,
2016-11-23,,,,0.51,1.12,2.36,,,12.43,
2016-11-24,,,,,,,,,,
2016-11-25,,,,0.49,1.12,2.36,,,12.34,
2016-11-28,,,,0.48,1.11,2.32,,,13.15,
2016-11-29,,,,0.48,1.09,2.3,,,12.9,
2016-11-30,,,,0.48,1.11,2.37,,,13.33,
2016-12-01,242.637,,4.7,0.48,1.14,2.45,13005.9,0.54,14.07,62.7
2016-12-02,,,,0.49,1.11,2.4,,,14.12,
2016-12-05,,,,0.49,1.13,2.39,,,12.14,
2016-12-06,,,,0.49,1.12,2.39,,,11.79,
2016-12-07,,,,0.52,1.1,2.34,,,12.22,
2016-12-08,,,,0.51,1.12,2.4,,,12.64,
2016-12-09,,,,0.54,1.15,2.47,,,11.75,
2016-12-12,,,,0.51,1.15,2.49,,,12.64,
2016-12-13,,,,0.54,1.17,2.48,,,12.72,
2016-12-14,,,,0.55,1.27,2.54,,,13.19,
2016-12-15,,,,0.51,1.29,2.6,,,12.79,
2016-12-16,,,,0.51,1.28,2.6,,,12.2,
2016-12-19,,,,0.52,1.24,2.54,,,11.71,
2016-12-20,,,,0.52,1.25,2.57,,,11.45,
2016-12-21,,,,0.52,1.21,2.55,,,11.27,
2016-12-22,,,,0.51,1.22,2.55,,,11.43,
2016-12-23,,,,0.52,1.22,2.55,,,11.44,
2016-12-26,,,,,,,,,,
2016-12-27,,,,0.51,1.28,2.57,,,11.99,
2016-12-28,,,,0.53,1.26,2.51,,,12.95,
2016-12-29,,,,0.47,1.22,2.49,,,13.37,
2016-12-30,,,,0.51,1.2,2.45,,,14.04,
2017-01-02,,,,,,,,,,
2017-01-03,,,,0.53,1.22,2.45,,,12.85,
2017-01-04,,,,0.53,1.24,2.46,,,11.85,
2017-01-05,,,,0.52,1.17,2.37,,,11.67,
2017-01-06,,,,0.53,1.22,2.42,,,11.32,
2017-01-09,,,,0.5,1.21,2.38,,,11.56,
2017-01-10,,,,0.52,1.19,2.38,,,11.49,
2017-01-11,,,,0.52,1.2,2.38,,,11.26,
2017-01-12,,,,0.52,1.18,2.36,,,11.54,
2017-01-13,,,,0.53,1.21,2.4,,,11.23,
2017-01-16,,,,,,,,,,
2017-01-17,,,,0.55,1.17,2.33,,,11.87,
2017-01-18,,,,0.53,1.23,2.42,,,12.48,
2017-01-19,,,,0.52,1.25,2.47,,,12.78,
2017-01-20,,,,0.5,1.2,2.48,,,11.54,
2017-01-23,,,,0.51,1.16,2.41,,,11.77,
2017-01-24,,,,0.51,1.21,2.47,,,11.07,
2017-01-25,,,,0.5,1.23,2.53,,,10.81,
2017-01-26,,,,0.51,1.21,2.51,,,10.63,
2017-01-27,,,,0.52,1.22,2.49,,,10.58,
2017-01-30,,,,0.51,1.22,2.49,,,11.88,
2017-01-31,,,,0.52,1.19,2.45,,,11.99,
2017-02-01,244.006,,4.6,0.51,1.22,2.48,13088.4,0.66,11.81,62.9
2017-02-02,,,,0.52,1.21,2.48,,,11.93,
2017-02-03,,,,0.51,1.21,2.49,,,10.97,
2017-02-06,,,,0.53,1.16,2.42,,,11.37,
2017-02-07,,,,0.53,1.16,2.4,,,11.29,
2017-02-08,,,,0.54,1.15,2.34,,,11.45,
2017-02-09,,,,0.54,1.2,2.4,,,10.88,
2017-02-10,,,,0.55,1.2,2.41,,,10.85,
2017-02-13,,,,0.52,1.2,2.43,,,11.07,
2017-02-14,,,,0.54,1.25,2.47,,,10.74,
2017-02-15,,,,0.54,1.27,2.51,,,11.97,
2017-02-16,,,,0.53,1.22,2.45,,,11.76,
2017-02-17,,,,0.53,1.21,2.42,,,11.49,
2017-02-20,,,,,,,,,,
2017-02-21,,,,0.53,1.22,2.43,,,11.57,
2017-02-22,,,,0.52,1.22,2.42,,,11.74,
2017-02-23,,,,0.51,1.18,2.38,,,11.71,
2017-02-24,,,,0.52,1.12,2.31,,,11.47,
2017-02-27,,,,0.5,1.2,2.36,,,12.09,
2017-02-28,,,,0.53,1.22,2.36,,,12.92,
2017-03-01,243.892,,4.4,0.63,1.29,2.46,13139.9,0.79,12.54,62.9
2017-03-02,,,,0.67,1.32,2.49,,,11.81,
2017-03-03,,,,0.71,1.32,2.49,,,10.96,
2017-03-06,,,,0.74,1.31,2.49,,,11.24,
2017-03-07,,,,0.76,1.32,2.52,,,11.45,
2017-03-08,,,,0.73,1.36,2.57,,,11.86,
2017-03-09,,,,0.73,1.37,2.6,,,12.3,
2017-03-10,,,,0.75,1.36,2.58,,,11.66,
2017-03-13,,,,0.79,1.4,2.62,,,11.35,
2017-03-14,,,,0.78,1.4,2.6,,,12.3,
2017-03-15,,,,0.73,1.33,2.51,,,11.63,
2017-03-16,,,,0.73,1.35,2.53,,,11.21,
2017-03-17,,,,0.73,1.33,2.5,,,11.28,
2017-03-20,,,,0.76,1.3,2.47,,,11.34,
2017-03-21,,,,0.77,1.27,2.43,,,12.47,
2017-03-22,,,,0.77,1.27,2.4,,,12.81,
2017-03-23,,,,0.76,1.26,2.41,,,13.12,
2017-03-24,,,,0.78,1.26,2.4,,,12.96,
2017-03-27,,,,0.78,1.27,2.38,,,12.5,
2017-03-28,,,,0.78,1.3,2.42,,,11.53,
2017-03-29,,,,0.78,1.26,2.39,,,11.42,
2017-03-30,,,,0.78,1.28,2.42,,,11.54,
2017-03-31,,,,0.76,1.27,2.4,,,12.37,
2017-04-03,,,,0.79,1.24,2.35,,,12.38,
2017-04-04,,,,0.79,1.25,2.36,,,11.79,
2017-04-05,,,,0.8,1.24,2.34,,,12.89,
2017-04-06,,,,0.79,1.24,2.34,,,12.39,
2017-04-07,,,,0.82,1.29,2.38,,,12.87,
2017-04-10,,,,0.82,1.29,2.37,,,14.05,
2017-04-11,,,,0.82,1.24,2.32,,,15.07,
2017-04-12,,,,0.81,1.24,2.28,,,15.77,
2017-04-13,,,,0.81,1.21,2.24,,,15.96,
2017-04-14,,,,,,,,,,
2017-04-17,,,,0.83,1.21,2.26,,,14.66,
2017-04-18,,,,0.82,1.18,2.18,,,14.42,
2017-04-19,,,,0.81,1.19,2.21,,,14.93,
2017-04-20,,,,0.79,1.21,2.24,,,14.15,
2017-04-21,,,,0.79,1.2,2.24,,,14.63,
2017-04-24,,,,0.81,1.25,2.28,,,10.84,
2017-04-25,,,,0.82,1.29,2.35,,,10.76,
2017-04-26,,,,0.83,1.28,2.32,,,10.85,
2017-04-27,,,,0.81,1.25,2.3,,,10.36,
2017-04-28,,,,0.8,1.28,2.29,,,10.82,
2017-05-01,244.004,,4.4,0.83,1.28,2.33,13171.9,0.91,10.11,62.8
2017-05-02,,,,0.82,1.27,2.29,,,10.59,
2017-05-03,,,,0.85,1.3,2.33,,,10.68,
2017-05-04,,,,0.86,1.32,2.36,,,10.46,
2017-05-05,,,,0.9,1.32,2.36,,,10.57,
2017-05-08,,,,0.91,1.33,2.39,,,9.77,
2017-05-09,,,,0.91,1.37,2.42,,,9.96,
2017-05-10,,,,0.9,1.35,2.41,,,10.21,
2017-05-11,,,,0.89,1.35,2.39,,,10.6,
2017-05-12,,,,0.88,1.29,2.33,,,10.4,
2017-05-15,,,,0.9,1.31,2.34,,,10.42,
2017-05-16,,,,0.9,1.29,2.33,,,10.65,
2017-05-17,,,,0.9,1.26,2.22,,,15.59,
2017-05-18,,,,0.93,1.27,2.23,,,14.66,
2017-05-19,,,,0.92,1.28,2.23,,,12.04,
2017-05-22,,,,0.93,1.29,2.25,,,10.93,
2017-05-23,,,,0.92,1.31,2.29,,,10.72,
2017-05-24,,,,0.93,1.29,2.26,,,10.02,
2017-05-25,,,,0.94,1.3,2.25,,,9.99,
2017-05-26,,,,0.94,1.3,2.25,,,9.81,
2017-05-29,,,,,,,,,,
2017-05-30,,,,0.93,1.28,2.21,,,10.38,
2017-05-31,,,,0.98,1.28,2.21,,,10.41,
2017-06-01,244.163,,4.3,0.98,1.28,2.21,13225.2,1.04,9.89,62.8
2017-06-02,,,,0.98,1.28,2.15,,,9.75,
2017-06-05,,,,0.96,1.32,2.18,,,10.07,
2017-06-06,,,,0.97,1.3,2.14,,,10.45,
2017-06-07,,,,1.0,1.32,2.18,,,10.39,
2017-06-08,,,,1.01,1.33,2.19,,,10.16,
2017-06-09,,,,1.01,1.35,2.21,,,10.7,
2017-06-12,,,,0.98,1.35,2.21,,,11.46,
2017-06-13,,,,1.0,1.38,2.21,,,10.42,
2017-06-14,,,,1.01,1.35,2.15,,,10.64,
2017-06-15,,,,1.02,1.35,2.16,,,10.9,
2017-06-16,,,,1.03,1.32,2.16,,,10.38,
2017-06-19,,,,1.02,1.36,2.19,,,10.37,
2017-06-20,,,,1.01,1.36,2.16,,,10.86,
2017-06-21,,,,0.99,1.36,2.16,,,10.75,
2017-06-22,,,,0.96,1.34,2.15,,,10.48,
2017-06-23,,,,0.97,1.34,2.15,,,10.02,
2017-06-26,,,,0.99,1.36,2.14,,,9.9,
2017-06-27,,,,1.0,1.38,2.21,,,11.06,
2017-06-28,,,,1.02,1.34,2.22,,,10.03,
2017-06-29,,,,1.04,1.38,2.27,,,11.44,
2017-06-30,,,,1.03,1.38,2.31,,,11.18,
2017-07-03,,,,1.06,1.41,2.35,,,11.22,
2017-07-04,,,,,,,,,,
2017-07-05,,,,1.05,1.41,2.33,,,11.07,
2017-07-06,,,,1.04,1.4,2.37,,,12.54,
2017-07-07,,,,1.05,1.4,2.39,,,11.19,
2017-07-10,,,,1.04,1.4,2.38,,,11.11,
2017-07-11,,,,1.05,1.37,2.37,,,10.89,
2017-07-12,,,,1.05,1.35,2.33,,,10.3,
2017-07-13,,,,1.05,1.37,2.35,,,9.9,
2017-07-14,,,,1.04,1.35,2.33,,,9.51,
2017-07-17,,,,1.07,1.36,2.31,,,9.82,
2017-07-18,,,,1.07,1.36,2.27,,,9.89,
2017-07-19,,,,1.11,1.37,2.27,,,9.79,
2017-07-20,,,,1.15,1.37,2.27,,,9.58,
2017-07-21,,,,1.16,1.36,2.24,,,9.36,
2017-07-24,,,,1.17,1.37,2.26,,,9.43,
2017-07-25,,,,1.18,1.4,2.33,,,9.43,
2017-07-26,,,,1.13,1.36,2.29,,,9.6,
2017-07-27,,,,1.11,1.36,2.32,,,10.11,
2017-07-28,,,,1.08,1.34,2.3,,,10.29,
2017-07-31,,,,1.07,1.34,2.3,,,10.26,
2017-08-01,245.183,,4.4,1.08,1.34,2.26,13294.6,1.16,10.09,62.9
2017-08-02,,,,1.08,1.36,2.27,,,10.28,
2017-08-03,,,,1.08,1.34,2.24,,,10.44,
2017-08-04,,,,1.08,1.36,2.27,,,10.03,
2017-08-07,,,,1.02,1.36,2.26,,,9.93,
2017-08-08,,,,1.06,1.36,2.29,,,10.96,
2017-08-09,,,,1.06,1.33,2.24,,,11.11,
2017-08-10,,,,1.05,1.33,2.2,,,16.04,
2017-08-11,,,,1.03,1.3,2.19,,,15.51,
2017-08-14,,,,1.02,1.33,2.22,,,12.33,
2017-08-15,,,,1.04,1.35,2.27,,,12.04,
2017-08-16,,,,1.02,1.33,2.23,,,11.74,
2017-08-17,,,,1.0,1.32,2.19,,,15.55,
2017-08-18,,,,1.02,1.33,2.19,,,14.26,
2017-08-21,,,,1.0,1.32,2.18,,,13.19,
2017-08-22,,,,1.0,1.33,2.22,,,11.35,
2017-08-23,,,,1.0,1.32,2.17,,,12.25,
2017-08-24,,,,1.02,1.33,2.19,,,12.23,
2017-08-25,,,,1.03,1.35,2.17,,,11.28,
2017-08-28,,,,0.98,1.33,2.16,,,11.32,
2017-08-29,,,,1.03,1.33,2.13,,,11.7,
2017-08-30,,,,1.03,1.33,2.15,,,11.22,
2017-08-31,,,,1.01,1.33,2.12,,,10.59,
2017-09-01,246.435,,4.3,1.02,1.35,2.16,13417.3,1.15,10.13,63.1
2017-09-04,,,,,,,,,,
2017-09-05,,,,1.03,1.3,2.07,,,12.23,
2017-09-06,,,,1.07,1.3,2.1,,,11.63,
2017-09-07,,,,1.05,1.27,2.05,,,11.55,
2017-09-08,,,,1.04,1.27,2.06,,,12.12,
2017-09-11,,,,1.05,1.32,2.14,,,10.73,
2017-09-12,,,,1.03,1.33,2.17,,,10.58,
2017-09-13,,,,1.04,1.35,2.2,,,10.5,
2017-09-14,,,,1.05,1.37,2.2,,,10.44,
2017-09-15,,,,1.05,1.39,2.2,,,10.17,
2017-09-18,,,,1.05,1.4,2.23,,,10.15,
2017-09-19,,,,1.04,1.4,2.24,,,10.18,
2017-09-20,,,,1.04,1.45,2.28,,,9.78,
2017-09-21,,,,1.04,1.45,2.27,,,9.67,
2017-09-22,,,,1.03,1.46,2.26,,,9.59,
2017-09-25,,,,1.05,1.44,2.22,,,10.21,
2017-09-26,,,,1.06,1.45,2.24,,,10.17,
2017-09-27,,,,1.07,1.47,2.31,,,9.87,
2017-09-28,,,,1.06,1.45,2.31,,,9.55,
2017-09-29,,,,1.06,1.47,2.33,,,9.51,
2017-10-02,,,,1.01,1.49,2.34,,,9.45,
2017-10-03,,,,1.07,1.47,2.33,,,9.51,
2017-10-04,,,,1.08,1.47,2.33,,,9.63,
2017-10-05,,,,1.07,1.49,2.35,,,9.19,
2017-10-06,,,,1.07,1.54,2.37,,,9.65,
2017-10-09,,,,,,,,,10.33,
2017-10-10,,,,1.08,1.51,2.35,,,10.08,
2017-10-11,,,,1.1,1.51,2.35,,,9.85,
2017-10-12,,,,1.09,1.51,2.33,,,9.91,
2017-10-13,,,,1.09,1.51,2.28,,,9.61,
2017-10-16,,,,1.1,1.54,2.3,,,9.91,
2017-10-17,,,,1.09,1.54,2.3,,,10.31,
2017-10-18,,,,1.09,1.59,2.34,,,10.07,
2017-10-19,,,,1.1,1.58,2.33,,,10.05,
2017-10-20,,,,1.11,1.6,2.39,,,9.97,
2017-10-23,,,,1.09,1.58,2.38,,,11.07,
2017-10-24,,,,1.12,1.6,2.42,,,11.16,
2017-10-25,,,,1.12,1.61,2.44,,,11.23,
2017-10-26,,,,1.11,1.63,2.46,,,11.3,
2017-10-27,,,,1.1,1.59,2.42,,,9.8,
2017-10-30,,,,1.12,1.58,2.37,,,10.5,
2017-10-31,,,,1.15,1.6,2.38,,,10.18,
2017-11-01,247.284,,4.2,1.18,1.61,2.37,13540.6,1.16,10.2,62.7
2017-11-02,,,,1.17,1.61,2.35,,,9.93,
2017-11-03,,,,1.18,1.63,2.34,,,9.14,
2017-11-06,,,,1.19,1.61,2.32,,,9.4,
2017-11-07,,,,1.22,1.63,2.32,,,9.89,
2017-11-08,,,,1.23,1.65,2.32,,,9.78,
2017-11-09,,,,1.24,1.63,2.33,,,10.5,
2017-11-10,,,,1.23,1.67,2.4,,,11.29,
2017-11-13,,,,1.24,1.7,2.4,,,11.5,
2017-11-14,,,,1.26,1.68,2.38,,,11.59,
2017-11-15,,,,1.25,1.68,2.33,,,13.13,
2017-11-16,,,,1.27,1.72,2.37,,,11.76,
2017-11-17,,,,1.29,1.73,2.35,,,11.43,
2017-11-20,,,,1.3,1.77,2.37,,,10.65,
2017-11-21,,,,1.3,1.77,2.36,,,9.73,
2017-11-22,,,,1.29,1.74,2.32,,,9.88,
2017-11-23,,,,,,,,,,
2017-11-24,,,,1.29,1.75,2.34,,,9.67,
2017-11-27,,,,1.27,1.74,2.32,,,9.87,
2017-11-28,,,,1.3,1.75,2.34,,,10.03,
2017-11-29,,,,1.29,1.78,2.37,,,10.7,
2017-11-30,,,,1.27,1.78,2.42,,,11.28,
2017-12-01,247.805,,4.1,1.27,1.78,2.37,13666.1,1.3,11.43,62.7
2017-12-04,,,,1.29,1.8,2.37,,,11.68,
2017-12-05,,,,1.3,1.83,2.36,,,11.33,
2017-12-06,,,,1.3,1.78,2.33,,,11.02,
2017-12-07,,,,1.29,1.8,2.37,,,10.16,
2017-12-08,,,,1.28,1.8,2.38,,,9.58,
2017-12-11,,,,1.33,1.82,2.39,,,9.34,
2017-12-12,,,,1.34,1.83,2.4,,,9.92,
2017-12-13,,,,1.3,1.79,2.36,,,10.18,
2017-12-14,,,,1.32,1.82,2.35,,,10.49,
2017-12-15,,,,1.31,1.84,2.35,,,9.42,
2017-12-18,,,,1.38,1.84,2.39,,,9.53,
2017-12-19,,,,1.37,1.87,2.46,,,10.03,
2017-12-20,,,,1.38,1.87,2.49,,,9.72,
2017-12-21,,,,1.35,1.89,2.48,,,9.62,
2017-12-22,,,,1.33,1.91,2.48,,,9.9,
2017-12-25,,,,,,,,,,
2017-12-26,,,,1.47,1.92,2.47,,,10.25,
2017-12-27,,,,1.44,1.89,2.42,,,10.47,
2017-12-28,,,,1.39,1.91,2.43,,,10.18,
2017-12-29,,,,1.39,1.89,2.4,,,11.04,
2018-01-01,248.859,20044.077,4.0,,,,13703.3,1.41,,62.7
2018-01-02,,,,1.44,1.92,2.46,,,9.77,
2018-01-03,,,,1.41,1.94,2.44,,,9.15,
2018-01-04,,,,1.41,1.96,2.46,,,9.22,
2018-01-05,,,,1.39,1.96,2.47,,,9.22,
2018-01-08,,,,1.45,1.96,2.49,,,9.52,
2018-01-09,,,,1.44,1.98,2.55,,,10.08,
2018-01-10,,,,1.42,1.98,2.55,,,9.82,
2018-01-11,,,,1.43,1.98,2.54,,,9.88,
2018-01-12,,,,1.43,1.99,2.55,,,10.16,
2018-01-15,,,,,,,,,,
2018-01-16,,,,1.45,2.03,2.54,,,11.66,
2018-01-17,,,,1.44,2.05,2.57,,,11.91,
2018-01-18,,,,1.45,2.05,2.62,,,12.22,
2018-01-19,,,,1.44,2.06,2.64,,,11.27,
2018-01-22,,,,1.44,2.08,2.66,,,11.03,
2018-01-23,,,,1.44,2.06,2.63,,,11.1,
2018-01-24,,,,1.43,2.08,2.65,,,11.47,
2018-01-25,,,,1.42,2.08,2.63,,,11.58,
2018-01-26,,,,1.41,2.13,2.66,,,11.08,
2018-01-29,,,,1.44,2.11,2.7,,,13.84,
2018-01-30,,,,1.44,2.13,2.73,,,14.79,
2018-01-31,,,,1.46,2.14,2.72,,,13.54,
2018-02-01,249.529,,4.1,1.48,2.16,2.78,13738.7,1.42,13.47,63.0
2018-02-02,,,,1.48,2.15,2.84,,,17.31,
2018-02-05,,,,1.51,2.08,2.77,,,37.32,
2018-02-06,,,,1.52,2.1,2.79,,,29.98,
2018-02-07,,,,1.55,2.15,2.84,,,27.73,
2018-02-08,,,,1.55,2.13,2.85,,,33.46,
2018-02-09,,,,1.55,2.05,2.83,,,29.06,
2018-02-12,,,,1.62,2.09,2.86,,,25.61,
2018-02-13,,,,1.59,2.1,2.83,,,24.97,
2018-02-14,,,,1.58,2.17,2.91,,,19.26,
2018-02-15,,,,1.58,2.19,2.9,,,19.13,
2018-02-16,,,,1.62,2.21,2.87,,,19.46,
2018-02-19,,,,,,,,,,
2018-02-20,,,,1.66,2.25,2.88,,,20.6,
2018-02-21,,,,1.64,2.26,2.94,,,20.02,
2018-02-22,,,,1.63,2.25,2.92,,,18.72,
2018-02-23,,,,1.64,2.25,2.88,,,16.49,
2018-02-26,,,,1.66,2.22,2.86,,,15.8,
2018-02-27,,,,1.66,2.27,2.9,,,18.59,
2018-02-28,,,,1.65,2.25,2.87,,,19.85,
2018-03-01,249.577,,4.0,1.63,2.22,2.81,13793.2,1.51,22.47,62.9
2018-03-02,,,,1.65,2.25,2.86,,,19.59,
2018-03-05,,,,1.7,2.24,2.88,,,18.73,
2018-03-06,,,,1.68,2.25,2.88,,,18.36,
2018-03-07,,,,1.68,2.25,2.89,,,17.76,
2018-03-08,,,,1.67,2.25,2.86,,,16.54,
2018-03-09,,,,1.67,2.27,2.9,,,14.64,
2018-03-12,,,,1.71,2.27,2.87,,,15.78,
2018-03-13,,,,1.73,2.26,2.84,,,16.35,
2018-03-14,,,,1.76,2.26,2.81,,,17.23,
2018-03-15,,,,1.77,2.29,2.82,,,16.59,
2018-03-16,,,,1.78,2.31,2.85,,,15.8,
2018-03-19,,,,1.8,2.31,2.85,,,19.02,
2018-03-20,,,,1.81,2.34,2.89,,,18.2,
2018-03-21,,,,1.74,2.31,2.89,,,17.86,
2018-03-22,,,,1.72,2.29,2.83,,,23.34,
2018-03-23,,,,1.74,2.28,2.82,,,24.87,
2018-03-26,,,,1.79,2.33,2.85,,,21.03,
2018-03-27,,,,1.77,2.26,2.78,,,22.5,
2018-03-28,,,,1.73,2.28,2.77,,,22.87,
2018-03-29,,,,1.73,2.27,2.74,,,19.97,
2018-03-30,,,,,,,,,,
2018-04-02,,,,1.77,2.25,2.73,,,23.62,
2018-04-03,,,,1.75,2.28,2.79,,,21.1,
2018-04-04,,,,1.71,2.28,2.79,,,20.06,
2018-04-05,,,,1.72,2.3,2.83,,,18.94,
2018-04-06,,,,1.73,2.27,2.77,,,21.49,
2018-04-09,,,,1.76,2.29,2.78,,,21.77,
2018-04-10,,,,1.74,2.32,2.8,,,20.47,
2018-04-11,,,,1.73,2.32,2.79,,,20.24,
2018-04-12,,,,1.75,2.34,2.83,,,18.49,
2018-04-13,,,,1.76,2.37,2.82,,,17.41,
2018-04-16,,,,1.79,2.39,2.83,,,16.56,
2018-04-17,,,,1.8,2.41,2.82,,,15.25,
2018-04-18,,,,1.81,2.42,2.87,,,15.6,
2018-04-19,,,,1.82,2.44,2.92,,,15.96,
2018-04-20,,,,1.81,2.46,2.96,,,16.88,
2018-04-23,,,,1.87,2.49,2.98,,,16.34,
2018-04-24,,,,1.87,2.48,3.0,,,18.02,
2018-04-25,,,,1.85,2.49,3.03,,,17.84,
2018-04-26,,,,1.82,2.49,3.0,,,16.24,
2018-04-27,,,,1.82,2.49,2.96,,,15.41,
2018-04-30,,,,1.87,2.49,2.95,,,15.93,
2018-05-01,250.792,,3.8,1.85,2.5,2.97,13905.0,1.7,15.49,62.9
2018-05-02,,,,1.84,2.49,2.97,,,15.97,
2018-05-03,,,,1.84,2.49,2.94,,,15.9,
2018-05-04,,,,1.84,2.51,2.95,,,14.77,
2018-05-07,,,,1.86,2.49,2.95,,,14.75,
2018-05-08,,,,1.87,2.51,2.97,,,14.71,
2018-05-09,,,,1.88,2.54,3.0,,,13.42,
2018-05-10,,,,1.9,2.54,2.97,,,13.23,
2018-05-11,,,,1.92,2.54,2.97,,,12.65,
2018-05-14,,,,1.93,2.55,3.0,,,12.93,
2018-05-15,,,,1.92,2.58,3.08,,,14.63,
2018-05-16,,,,1.92,2.58,3.09,,,13.42,
2018-05-17,,,,1.92,2.57,3.11,,,13.43,
2018-05-18,,,,1.91,2.55,3.06,,,13.42,
2018-05-21,,,,1.93,2.58,3.06,,,13.08,
2018-05-22,,,,1.93,2.59,3.06,,,13.22,
2018-05-23,,,,1.92,2.53,3.01,,,12.58,
2018-05-24,,,,1.91,2.5,2.98,,,12.53,
2018-05-25,,,,1.9,2.48,2.93,,,13.22,
2018-05-28,,,,,,,,,,
2018-05-29,,,,1.93,2.32,2.77,,,17.02,
2018-05-30,,,,1.94,2.42,2.84,,,14.94,
2018-05-31,,,,1.93,2.4,2.83,,,15.43,
2018-06-01,251.018,,4.0,1.92,2.47,2.89,13930.4,1.82,13.46,63.0
2018-06-04,,,,1.94,2.52,2.94,,,12.74,
2018-06-05,,,,1.94,2.49,2.92,,,12.4,
2018-06-06,,,,1.95,2.52,2.97,,,11.64,
2018-06-07,,,,1.94,2.5,2.93,,,12.13,
2018-06-08,,,,1.93,2.5,2.93,,,12.18,
2018-06-11,,,,1.94,2.52,2.96,,,12.35,
2018-06-12,,,,1.92,2.54,2.96,,,12.34,
2018-06-13,,,,1.94,2.59,2.98,,,12.94,
2018-06-14,,,,1.94,2.59,2.94,,,12.12,
2018-06-15,,,,1.94,2.55,2.93,,,11.98,
2018-06-18,,,,1.94,2.56,2.92,,,12.31,
2018-06-19,,,,1.94,2.54,2.89,,,13.35,
2018-06-20,,,,1.94,2.56,2.93,,,12.79,
2018-06-21,,,,1.94,2.56,2.9,,,14.64,
2018-06-22,,,,1.93,2.56,2.9,,,13.77,
2018-06-25,,,,1.93,2.54,2.87,,,17.33,
2018-06-26,,,,1.93,2.53,2.88,,,15.92,
2018-06-27,,,,1.93,2.52,2.83,,,17.91,
2018-06-28,,,,1.93,2.52,2.84,,,16.85,
2018-06-29,,,,1.93,2.52,2.85,,,16.09,
2018-07-02,,,,1.98,2.57,2.87,,,15.6,
2018-07-03,,,,1.98,2.53,2.83,,,16.14,
2018-07-04,,,,,,,,,,
2018-07-05,,,,1.96,2.55,2.84,,,14.97,
2018-07-06,,,,1.97,2.53,2.82,,,13.37,
2018-07-09,,,,1.98,2.57,2.86,,,12.69,
2018-07-10,,,,1.99,2.59,2.87,,,12.64,
2018-07-11,,,,1.97,2.58,2.85,,,13.63,
2018-07-12,,,,1.98,2.6,2.85,,,12.58,
2018-07-13,,,,1.98,2.59,2.83,,,12.18,
2018-07-16,,,,2.01,2.59,2.85,,,12.83,
2018-07-17,,,,2.02,2.62,2.86,,,12.06,
2018-07-18,,,,2.0,2.6,2.88,,,12.1,
2018-07-19,,,,2.0,2.6,2.84,,,12.87,
2018-07-20,,,,1.99,2.6,2.89,,,12.86,
2018-07-23,,,,1.99,2.64,2.96,,,12.62,
2018-07-24,,,,2.02,2.63,2.95,,,12.41,
2018-07-25,,,,2.01,2.66,2.94,,,12.29,
2018-07-26,,,,1.99,2.69,2.98,,,12.14,
2018-07-27,,,,2.0,2.67,2.96,,,13.03,
2018-07-30,,,,2.04,2.66,2.98,,,14.26,
2018-07-31,,,,2.03,2.67,2.96,,,12.83,
2018-08-01,251.663,,3.8,2.03,2.67,3.0,14014.0,1.91,13.15,62.6
2018-08-02,,,,2.02,2.66,2.98,,,12.19,
2018-08-03,,,,2.01,2.63,2.95,,,11.64,
2018-08-06,,,,2.05,2.64,2.94,,,11.27,
2018-08-07,,,,2.06,2.68,2.98,,,10.93,
2018-08-08,,,,2.06,2.68,2.96,,,10.85,
2018-08-09,,,,2.06,2.64,2.93,,,11.27,
2018-08-10,,,,2.05,2.61,2.87,,,13.16,
2018-08-13,,,,2.06,2.61,2.88,,,14.78,
2018-08-14,,,,2.08,2.63,2.89,,,13.31,
2018-08-15,,,,2.07,2.61,2.86,,,14.64,
2018-08-16,,,,2.07,2.63,2.87,,,13.45,
2018-08-17,,,,2.05,2.61,2.87,,,12.64,
2018-08-20,,,,2.06,2.6,2.82,,,12.49,
2018-08-21,,,,2.08,2.61,2.85,,,12.86,
2018-08-22,,,,2.09,2.6,2.82,,,12.25,
2018-08-23,,,,2.08,2.61,2.82,,,12.41,
2018-08-24,,,,2.09,2.63,2.82,,,11.99,
2018-08-27,,,,2.12,2.67,2.85,,,12.16,
2018-08-28,,,,2.13,2.67,2.88,,,12.5,
2018-08-29,,,,2.13,2.67,2.89,,,12.25,
2018-08-30,,,,2.11,2.64,2.86,,,13.53,
2018-08-31,,,,2.11,2.62,2.86,,,12.86,
2018-09-03,,,,,,,,,,
2018-09-04,,,,2.13,2.66,2.9,,,13.16,
2018-09-05,,,,2.14,2.66,2.9,,,13.91,
2018-09-06,,,,2.13,2.64,2.88,,,14.65,
2018-09-07,,,,2.14,2.71,2.94,,,14.88,
2018-09-10,,,,2.14,2.73,2.94,,,14.16,
2018-09-11,,,,2.15,2.76,2.98,,,13.22,
2018-09-12,,,,2.16,2.74,2.97,,,13.14,
2018-09-13,,,,2.15,2.76,2.97,,,12.37,
2018-09-14,,,,2.16,2.78,2.99,,,12.07,
2018-09-17,,,,2.16,2.78,2.99,,,13.68,
2018-09-18,,,,2.17,2.81,3.05,,,12.79,
2018-09-19,,,,2.16,2.81,3.08,,,11.75,
2018-09-20,,,,2.17,2.81,3.07,,,11.8,
2018-09-21,,,,2.18,2.81,3.07,,,11.68,
2018-09-24,,,,2.22,2.83,3.08,,,12.2,
2018-09-25,,,,2.21,2.83,3.1,,,12.42,
2018-09-26,,,,2.2,2.83,3.06,,,12.89,
2018-09-27,,,,2.18,2.83,3.06,,,12.41,
2018-09-28,,,,2.19,2.81,3.05,,,12.12,
2018-10-01,252.772,20304.874,3.8,2.23,2.82,3.09,14083.1,2.19,12.0,62.9
2018-10-02,,,,2.23,2.82,3.05,,,12.05,
2018-10-03,,,,2.23,2.85,3.15,,,11.61,
2018-10-04,,,,2.22,2.87,3.19,,,14.22,
2018-10-05,,,,2.23,2.88,3.23,,,14.82,
2018-10-08,,,,,,,,,15.69,
2018-10-09,,,,2.25,2.88,3.21,,,15.95,
2018-10-10,,,,2.27,2.88,3.22,,,22.96,
2018-10-11,,,,2.27,2.85,3.14,,,24.98,
2018-10-12,,,,2.28,2.85,3.15,,,21.31,
2018-10-15,,,,2.31,2.85,3.16,,,21.3,
2018-10-16,,,,2.3,2.87,3.16,,,17.62,
2018-10-17,,,,2.31,2.89,3.19,,,17.4,
2018-10-18,,,,2.32,2.87,3.17,,,20.06,
2018-10-19,,,,2.31,2.92,3.2,,,19.89,
2018-10-22,,,,2.34,2.92,3.2,,,19.64,
2018-10-23,,,,2.33,2.89,3.17,,,20.71,
2018-10-24,,,,2.34,2.84,3.1,,,25.23,
2018-10-25,,,,2.34,2.86,3.14,,,24.22,
2018-10-26,,,,2.33,2.81,3.08,,,24.16,
2018-10-29,,,,2.34,2.81,3.08,,,24.7,
2018-10-30,,,,2.33,2.84,3.12,,,23.35,
2018-10-31,,,,2.34,2.87,3.15,,,21.23,
2018-11-01,252.594,,3.8,2.32,2.84,3.14,14162.9,2.2,19.34,62.9
2018-11-02,,,,2.33,2.91,3.22,,,19.51,
2018-11-05,,,,2.36,2.91,3.2,,,19.96,
2018-11-06,,,,2.35,2.93,3.22,,,19.91,
2018-11-07,,,,2.37,2.96,3.22,,,16.36,
2018-11-08,,,,2.35,2.98,3.24,,,16.72,
2018-11-09,,,,2.36,2.94,3.19,,,17.36,
2018-11-12,,,,,,,,,20.45,
2018-11-13,,,,2.38,2.89,3.14,,,20.02,
2018-11-14,,,,2.38,2.86,3.12,,,21.25,
2018-11-15,,,,2.37,2.86,3.11,,,19.98,
2018-11-16,,,,2.36,2.81,3.08,,,18.14,
2018-11-19,,,,2.38,2.79,3.06,,,20.1,
2018-11-20,,,,2.39,2.79,3.06,,,22.48,
2018-11-21,,,,2.41,2.81,3.06,,,20.8,
2018-11-22,,,,,,,,,,
2018-11-23,,,,2.41,2.81,3.05,,,21.52,
2018-11-26,,,,2.41,2.84,3.07,,,18.9,
2018-11-27,,,,2.41,2.83,3.06,,,19.02,
2018-11-28,,,,2.4,2.81,3.06,,,18.49,
2018-11-29,,,,2.37,2.81,3.03,,,18.79,
2018-11-30,,,,2.37,2.8,3.01,,,18.07,
2018-12-03,,,,2.38,2.83,2.98,,,16.44,
2018-12-04,,,,2.42,2.8,2.91,,,20.74,
2018-12-05,,,,,,,,,,
2018-12-06,,,,2.41,2.75,2.87,,,21.19,
2018-12-07,,,,2.4,2.72,2.85,,,23.23,
2018-12-10,,,,2.41,2.72,2.85,,,22.64,
2018-12-11,,,,2.41,2.78,2.89,,,21.76,
2018-12-12,,,,2.43,2.77,2.91,,,21.46,
2018-12-13,,,,2.43,2.75,2.91,,,20.65,
2018-12-14,,,,2.42,2.73,2.89,,,21.63,
2018-12-17,,,,2.4,2.7,2.86,,,24.52,
2018-12-18,,,,2.39,2.65,2.82,,,25.58,
2018-12-19,,,,2.4,2.63,2.77,,,25.58,
2018-12-20,,,,2.39,2.67,2.79,,,28.38,
2018-12-21,,,,2.39,2.63,2.79,,,30.11,
2018-12-24,,,,2.45,2.55,2.74,,,36.07,
2018-12-25,,,,,,,,,,
2018-12-26,,,,2.44,2.61,2.81,,,30.41,
2018-12-27,,,,2.41,2.56,2.77,,,29.96,
2018-12-28,,,,2.4,2.52,2.72,,,28.34,
2018-12-31,,,,2.45,2.48,2.69,,,25.42,
2019-01-01,252.561,20431.641,4.0,,,,14084.6,2.4,,63.1
2019-01-02,,,,2.42,2.5,2.66,,,23.22,
2019-01-03,,,,2.41,2.39,2.56,,,25.45,
2019-01-04,,,,2.42,2.5,2.67,,,21.38,
2019-01-07,,,,2.45,2.53,2.7,,,21.4,
2019-01-08,,,,2.46,2.58,2.73,,,20.47,
2019-01-09,,,,2.45,2.56,2.74,,,19.98,
2019-01-10,,,,2.43,2.56,2.74,,,19.5,
2019-01-11,,,,2.43,2.55,2.71,,,18.19,
2019-01-14,,,,2.45,2.53,2.71,,,19.07,
2019-01-15,,,,2.45,2.53,2.72,,,18.6,
2019-01-16,,,,2.43,2.55,2.73,,,19.04,
2019-01-17,,,,2.42,2.56,2.75,,,18.06,
2019-01-18,,,,2.41,2.62,2.79,,,17.8,
2019-01-21,,,,,,,,,,
2019-01-22,,,,2.43,2.58,2.74,,,20.8,
2019-01-23,,,,2.41,2.58,2.76,,,19.52,
2019-01-24,,,,2.37,2.56,2.72,,,18.89,
2019-01-25,,,,2.39,2.6,2.76,,,17.42,
2019-01-28,,,,2.42,2.6,2.75,,,18.87,
2019-01-29,,,,2.42,2.56,2.72,,,19.13,
2019-01-30,,,,2.42,2.52,2.7,,,17.66,
2019-01-31,,,,2.41,2.45,2.63,,,16.57,
2019-02-01,253.319,,3.8,2.4,2.52,2.7,14117.4,2.4,16.14,63.1
2019-02-04,,,,2.42,2.53,2.73,,,15.73,
2019-02-05,,,,2.42,2.53,2.71,,,15.57,
2019-02-06,,,,2.42,2.52,2.7,,,15.38,
2019-02-07,,,,2.42,2.48,2.65,,,16.37,
2019-02-08,,,,2.43,2.45,2.63,,,15.72,
2019-02-11,,,,2.45,2.48,2.65,,,15.97,
2019-02-12,,,,2.43,2.5,2.68,,,15.43,
2019-02-13,,,,2.44,2.53,2.71,,,15.65,
2019-02-14,,,,2.43,2.5,2.66,,,16.22,
2019-02-15,,,,2.43,2.52,2.66,,,14.91,
2019-02-18,,,,,,,,,,
2019-02-19,,,,2.45,2.5,2.65,,,14.88,
2019-02-20,,,,2.45,2.5,2.65,,,14.02,
2019-02-21,,,,2.45,2.53,2.69,,,14.46,
2019-02-22,,,,2.46,2.48,2.65,,,13.51,
2019-02-25,,,,2.47,2.51,2.67,,,14.85,
2019-02-26,,,,2.45,2.48,2.64,,,15.17,
2019-02-27,,,,2.45,2.5,2.69,,,14.7,
2019-02-28,,,,2.45,2.52,2.73,,,14.78,
2019-03-01,254.277,,3.8,2.44,2.55,2.76,14248.6,2.41,13.57,63.0
2019-03-04,,,,2.46,2.55,2.72,,,14.63,
2019-03-05,,,,2.46,2.55,2.72,,,14.74,
2019-03-06,,,,2.47,2.52,2.69,,,15.74,
2019-03-07,,,,2.45,2.47,2.64,,,16.59,
2019-03-08,,,,2.46,2.45,2.62,,,16.05,
2019-03-11,,,,2.46,2.47,2.64,,,14.33,
2019-03-12,,,,2.46,2.45,2.61,,,13.77,
2019-03-13,,,,2.45,2.45,2.61,,,13.41,
2019-03-14,,,,2.45,2.46,2.63,,,13.5,
2019-03-15,,,,2.45,2.43,2.59,,,12.88,
2019-03-18,,,,2.44,2.45,2.6,,,13.1,
2019-03-19,,,,2.46,2.46,2.61,,,13.56,
2019-03-20,,,,2.48,2.4,2.54,,,13.91,
2019-03-21,,,,2.49,2.41,2.54,,,13.63,
2019-03-22,,,,2.46,2.31,2.44,,,16.48,
2019-03-25,,,,2.46,2.26,2.43,,,16.33,
2019-03-26,,,,2.46,2.24,2.41,,,14.68,
2019-03-27,,,,2.44,2.22,2.39,,,15.15,
2019-03-28,,,,2.43,2.23,2.39,,,14.43,
2019-03-29,,,,2.4,2.27,2.41,,,13.71,
2019-04-01,255.233,20602.275,3.7,2.43,2.33,2.49,14290.0,2.42,13.4,62.8
2019-04-02,,,,2.42,2.3,2.48,,,13.36,
2019-04-03,,,,2.44,2.33,2.52,,,13.74,
2019-04-04,,,,2.44,2.33,2.51,,,13.58,
2019-04-05,,,,2.44,2.35,2.5,,,12.82,
2019-04-08,,,,2.43,2.36,2.52,,,13.18,
2019-04-09,,,,2.42,2.35,2.51,,,14.28,
2019-04-10,,,,2.43,2.31,2.48,,,13.3,
2019-04-11,,,,2.43,2.35,2.51,,,13.02,
2019-04-12,,,,2.44,2.4,2.56,,,12.01,
2019-04-15,,,,2.43,2.4,2.55,,,12.32,
2019-04-16,,,,2.43,2.41,2.6,,,12.18,
2019-04-17,,,,2.44,2.4,2.59,,,12.6,
2019-04-18,,,,2.42,2.38,2.57,,,12.09,
2019-04-19,,,,,,,,,,
2019-04-22,,,,2.44,2.38,2.59,,,12.42,
2019-04-23,,,,2.45,2.36,2.57,,,12.28,
2019-04-24,,,,2.44,2.32,2.53,,,13.14,
2019-04-25,,,,2.43,2.33,2.54,,,13.25,
2019-04-26,,,,2.42,2.28,2.51,,,12.73,
2019-04-29,,,,2.44,2.3,2.54,,,13.11,
2019-04-30,,,,2.43,2.27,2.51,,,13.12,
2019-05-01,255.296,,3.6,2.43,2.31,2.52,14353.3,2.39,14.8,62.9
2019-05-02,,,,2.47,2.35,2.55,,,14.42,
2019-05-03,,,,2.43,2.33,2.54,,,12.87,
2019-05-06,,,,2.44,2.31,2.51,,,15.44,
2019-05-07,,,,2.43,2.28,2.45,,,19.32,
2019-05-08,,,,2.43,2.3,2.49,,,19.4,
2019-05-09,,,,2.43,2.26,2.45,,,19.1,
2019-05-10,,,,2.43,2.26,2.47,,,16.04,
2019-05-13,,,,2.41,2.18,2.4,,,20.55,
2019-05-14,,,,2.41,2.2,2.42,,,18.06,
2019-05-15,,,,2.42,2.16,2.37,,,16.44,
2019-05-16,,,,2.4,2.2,2.4,,,15.29,
2019-05-17,,,,2.39,2.2,2.39,,,15.96,
2019-05-20,,,,2.39,2.21,2.41,,,16.31,
2019-05-21,,,,2.39,2.26,2.43,,,14.95,
2019-05-22,,,,2.38,2.23,2.39,,,14.75,
2019-05-23,,,,2.37,2.12,2.31,,,16.92,
2019-05-24,,,,2.35,2.16,2.32,,,15.85,
2019-05-27,,,,,,,,,,
2019-05-28,,,,2.37,2.12,2.26,,,17.5,
2019-05-29,,,,2.37,2.09,2.25,,,17.9,
2019-05-30,,,,2.38,2.06,2.22,,,17.3,
2019-05-31,,,,2.35,1.95,2.14,,,18.71,
2019-06-03,,,,2.35,1.82,2.07,,,18.86,
2019-06-04,,,,2.35,1.88,2.12,,,16.97,
2019-06-05,,,,2.35,1.83,2.12,,,16.09,
2019-06-06,,,,2.33,1.88,2.12,,,15.93,
2019-06-07,,,,2.28,1.85,2.09,,,16.3,
2019-06-10,,,,2.29,1.9,2.15,,,15.94,
2019-06-11,,,,2.27,1.93,2.15,,,15.99,
2019-06-12,,,,2.24,1.88,2.13,,,15.91,
2019-06-13,,,,2.19,1.83,2.1,,,15.82,
2019-06-14,,,,2.2,1.84,2.09,,,15.28,
2019-06-17,,,,2.23,1.86,2.09,,,15.35,
2019-06-18,,,,2.22,1.86,2.06,,,15.15,
2019-06-19,,,,2.18,1.74,2.03,,,14.33,
2019-06-20,,,,2.14,1.72,2.01,,,14.75,
2019-06-21,,,,2.11,1.77,2.07,,,15.4,
2019-06-24,,,,2.13,1.72,2.02,,,15.26,
2019-06-25,,,,2.12,1.71,2.0,,,16.28,
2019-06-26,,,,2.15,1.77,2.05,,,16.21,
2019-06-27,,,,2.14,1.74,2.01,,,15.82,
2019-06-28,,,,2.12,1.75,2.0,,,15.08,
2019-07-01,255.802,20843.322,3.7,2.21,1.78,2.03,14496.0,2.4,14.06,63.1
2019-07-02,,,,2.2,1.77,1.98,,,12.93,
2019-07-03,,,,2.21,1.77,1.96,,,12.57,
2019-07-04,,,,,,,,,,
2019-07-05,,,,2.23,1.87,2.04,,,13.28,
2019-07-08,,,,2.26,1.88,2.05,,,13.96,
2019-07-09,,,,2.26,1.92,2.07,,,14.09,
2019-07-10,,,,2.2,1.82,2.07,,,13.03,
2019-07-11,,,,2.17,1.85,2.13,,,12.93,
2019-07-12,,,,2.14,1.84,2.12,,,12.39,
2019-07-15,,,,2.16,1.83,2.09,,,12.68,
2019-07-16,,,,2.15,1.87,2.13,,,12.86,
2019-07-17,,,,2.14,1.83,2.06,,,13.97,
2019-07-18,,,,2.05,1.77,2.04,,,13.53,
2019-07-19,,,,2.06,1.8,2.05,,,14.45,
2019-07-22,,,,2.09,1.8,2.05,,,13.53,
2019-07-23,,,,2.06,1.83,2.08,,,12.61,
2019-07-24,,,,2.1,1.83,2.05,,,12.07,
2019-07-25,,,,2.1,1.86,2.08,,,12.74,
2019-07-26,,,,2.12,1.86,2.08,,,12.16,
2019-07-29,,,,2.12,1.85,2.06,,,12.83,
2019-07-30,,,,2.08,1.85,2.06,,,13.94,
2019-07-31,,,,2.08,1.89,2.02,,,16.12,
2019-08-01,256.036,,3.6,2.07,1.73,1.9,14558.2,2.13,17.87,63.1
2019-08-02,,,,2.06,1.72,1.86,,,17.61,
2019-08-05,,,,2.05,1.59,1.75,,,24.59,
2019-08-06,,,,2.05,1.6,1.73,,,20.17,
2019-08-07,,,,2.02,1.59,1.71,,,19.49,
2019-08-08,,,,2.02,1.62,1.72,,,16.91,
2019-08-09,,,,2.0,1.63,1.74,,,17.97,
2019-08-12,,,,2.0,1.58,1.65,,,21.09,
2019-08-13,,,,2.0,1.66,1.68,,,17.52,
2019-08-14,,,,1.96,1.58,1.59,,,22.1,
2019-08-15,,,,1.91,1.48,1.52,,,21.18,
2019-08-16,,,,1.87,1.48,1.55,,,18.47,
2019-08-19,,,,1.94,1.53,1.6,,,16.88,
2019-08-20,,,,1.94,1.5,1.55,,,17.5,
2019-08-21,,,,1.97,1.56,1.59,,,15.8,
2019-08-22,,,,2.0,1.61,1.62,,,16.68,
2019-08-23,,,,1.97,1.51,1.52,,,19.87,
2019-08-26,,,,2.01,1.54,1.54,,,19.32,
2019-08-27,,,,1.98,1.53,1.49,,,20.31,
2019-08-28,,,,1.99,1.5,1.47,,,19.35,
2019-08-29,,,,1.99,1.53,1.5,,,17.88,
2019-08-30,,,,1.99,1.5,1.5,,,18.98,
2019-09-02,,,,,,,,,,
2019-09-03,,,,1.98,1.47,1.47,,,19.66,
2019-09-04,,,,1.97,1.43,1.47,,,17.33,
2019-09-05,,,,1.97,1.55,1.57,,,16.27,
2019-09-06,,,,1.96,1.53,1.55,,,15.0,
2019-09-09,,,,1.96,1.58,1.63,,,15.27,
2019-09-10,,,,1.95,1.67,1.72,,,15.2,
2019-09-11,,,,1.96,1.68,1.75,,,14.61,
2019-09-12,,,,1.95,1.72,1.79,,,14.22,
2019-09-13,,,,1.96,1.79,1.9,,,13.74,
2019-09-16,,,,1.99,1.74,1.84,,,14.67,
2019-09-17,,,,1.99,1.72,1.81,,,14.44,
2019-09-18,,,,1.95,1.77,1.8,,,13.95,
2019-09-19,,,,1.93,1.74,1.79,,,14.05,
2019-09-20,,,,1.91,1.69,1.74,,,15.32,
2019-09-23,,,,1.94,1.68,1.72,,,14.91,
2019-09-24,,,,1.92,1.6,1.64,,,17.05,
2019-09-25,,,,1.89,1.68,1.73,,,15.96,
2019-09-26,,,,1.83,1.66,1.7,,,16.07,
2019-09-27,,,,1.8,1.63,1.69,,,17.22,
2019-09-30,,,,1.88,1.63,1.68,,,16.24,
2019-10-01,257.155,20985.448,3.6,1.82,1.56,1.65,14617.4,1.83,18.56,63.3
2019-10-02,,,,1.79,1.48,1.6,,,20.56,
2019-10-03,,,,1.7,1.39,1.54,,,19.12,
2019-10-04,,,,1.71,1.4,1.52,,,17.04,
2019-10-07,,,,1.75,1.46,1.56,,,17.86,
2019-10-08,,,,1.72,1.42,1.54,,,20.28,
2019-10-09,,,,1.69,1.47,1.59,,,18.64,
2019-10-10,,,,1.68,1.53,1.67,,,17.57,
2019-10-11,,,,1.68,1.63,1.76,,,15.58,
2019-10-14,,,,,,,,,14.57,
2019-10-15,,,,1.67,1.61,1.77,,,13.54,
2019-10-16,,,,1.66,1.58,1.75,,,13.68,
2019-10-17,,,,1.66,1.6,1.76,,,13.79,
2019-10-18,,,,1.66,1.58,1.76,,,14.25,
2019-10-21,,,,1.67,1.62,1.8,,,14.0,
2019-10-22,,,,1.65,1.6,1.78,,,14.46,
2019-10-23,,,,1.65,1.58,1.77,,,14.01,
2019-10-24,,,,1.67,1.58,1.77,,,13.71,
2019-10-25,,,,1.66,1.63,1.8,,,12.65,
2019-10-28,,,,1.65,1.64,1.85,,,13.11,
2019-10-29,,,,1.63,1.64,1.84,,,13.2,
2019-10-30,,,,1.62,1.61,1.78,,,12.33,
2019-10-31,,,,1.54,1.52,1.69,,,13.22,
2019-11-01,257.879,,3.6,1.52,1.56,1.73,14711.0,1.55,12.3,63.3
2019-11-04,,,,1.53,1.6,1.79,,,12.83,
2019-11-05,,,,1.56,1.63,1.86,,,13.1,
2019-11-06,,,,1.56,1.61,1.81,,,12.62,
2019-11-07,,,,1.56,1.68,1.92,,,12.73,
2019-11-08,,,,1.55,1.68,1.94,,,12.07,
2019-11-11,,,,,,,,,12.69,
2019-11-12,,,,1.59,1.66,1.92,,,12.68,
2019-11-13,,,,1.57,1.63,1.88,,,13.0,
2019-11-14,,,,1.57,1.58,1.82,,,13.05,
2019-11-15,,,,1.57,1.61,1.84,,,12.05,
2019-11-18,,,,1.57,1.6,1.81,,,12.46,
2019-11-19,,,,1.57,1.6,1.79,,,12.86,
2019-11-20,,,,1.57,1.56,1.73,,,12.78,
2019-11-21,,,,1.58,1.6,1.77,,,13.13,
2019-11-22,,,,1.58,1.61,1.77,,,12.34,
2019-11-25,,,,1.61,1.61,1.76,,,11.87,
2019-11-26,,,,1.6,1.58,1.74,,,11.54,
2019-11-27,,,,1.62,1.63,1.77,,,11.75,
2019-11-28,,,,,,,,,,
2019-11-29,,,,1.59,1.61,1.78,,,12.62,
2019-12-02,,,,1.6,1.61,1.83,,,14.91,
2019-12-03,,,,1.57,1.53,1.72,,,15.96,
2019-12-04,,,,1.55,1.58,1.77,,,14.8,
2019-12-05,,,,1.54,1.58,1.8,,,14.52,
2019-12-06,,,,1.53,1.61,1.84,,,13.62,
2019-12-09,,,,1.54,1.63,1.83,,,15.86,
2019-12-10,,,,1.56,1.65,1.85,,,15.68,
2019-12-11,,,,1.57,1.61,1.79,,,14.99,
2019-12-12,,,,1.56,1.66,1.9,,,13.94,
2019-12-13,,,,1.57,1.61,1.82,,,12.63,
2019-12-16,,,,1.57,1.65,1.89,,,12.14,
2019-12-17,,,,1.56,1.63,1.89,,,12.29,
2019-12-18,,,,1.56,1.63,1.92,,,12.58,
2019-12-19,,,,1.57,1.62,1.92,,,12.5,
2019-12-20,,,,1.58,1.63,1.92,,,12.51,
2019-12-23,,,,1.59,1.64,1.93,,,12.61,
2019-12-24,,,,1.58,1.62,1.9,,,12.67,
2019-12-25,,,,,,,,,,
2019-12-26,,,,1.58,1.64,1.9,,,12.65,
2019-12-27,,,,1.57,1.59,1.88,,,13.43,
2019-12-30,,,,1.57,1.58,1.9,,,14.82,
2019-12-31,,,,1.55,1.58,1.92,,,13.78,
2020-01-01,259.127,20693.238,3.6,,,,14844.3,1.55,,63.3
2020-01-02,,,,1.54,1.58,1.88,,,12.47,
2020-01-03,,,,1.52,1.53,1.8,,,14.02,
2020-01-06,,,,1.56,1.54,1.81,,,13.85,
2020-01-07,,,,1.54,1.54,1.83,,,13.79,
2020-01-08,,,,1.54,1.58,1.87,,,13.45,
2020-01-09,,,,1.54,1.58,1.85,,,12.54,
2020-01-10,,,,1.54,1.56,1.83,,,12.56,
2020-01-13,,,,1.57,1.58,1.85,,,12.32,
2020-01-14,,,,1.57,1.58,1.82,,,12.39,
2020-01-15,,,,1.57,1.56,1.79,,,12.42,
2020-01-16,,,,1.55,1.58,1.81,,,12.32,
2020-01-17,,,,1.56,1.58,1.84,,,12.1,
2020-01-20,,,,,,,,,,
2020-01-21,,,,1.56,1.53,1.78,,,12.85,
2020-01-22,,,,1.55,1.53,1.77,,,12.91,
2020-01-23,,,,1.55,1.51,1.74,,,12.98,
2020-01-24,,,,1.54,1.49,1.7,,,14.56,
2020-01-27,,,,1.55,1.44,1.61,,,18.23,
2020-01-28,,,,1.57,1.45,1.65,,,16.28,
2020-01-29,,,,1.56,1.42,1.6,,,16.39,
2020-01-30,,,,1.57,1.41,1.57,,,15.49,
2020-01-31,,,,1.55,1.33,1.51,,,18.84,
2020-02-03,,,,1.57,1.36,1.54,,,17.97,
2020-02-04,,,,1.57,1.41,1.61,,,16.05,
2020-02-05,,,,1.57,1.44,1.66,,,15.15,
2020-02-06,,,,1.57,1.44,1.65,,,14.96,
2020-02-07,,,,1.56,1.41,1.59,,,15.47,
2020-02-10,,,,1.58,1.37,1.56,,,15.04,
2020-02-11,,,,1.57,1.41,1.59,,,15.18,
2020-02-12,,,,1.58,1.44,1.62,,,13.74,
2020-02-13,,,,1.59,1.44,1.61,,,14.15,
2020-02-14,,,,1.58,1.42,1.59,,,13.68,
2020-02-17,,,,,,,,,,
2020-02-18,,,,1.58,1.41,1.55,,,14.83,
2020-02-19,,,,1.58,1.42,1.56,,,14.38,
2020-02-20,,,,1.58,1.39,1.52,,,15.56,
2020-02-21,,,,1.56,1.34,1.46,,,17.08,
2020-02-24,,,,1.53,1.26,1.38,,,25.03,
2020-02-25,,,,1.53,1.2,1.33,,,27.85,
2020-02-26,,,,1.53,1.16,1.33,,,27.56,
2020-02-27,,,,1.45,1.11,1.3,,,39.16,
2020-02-28,,,,1.27,0.86,1.13,,,40.11,
2020-03-02,,,,1.13,0.84,1.1,,,33.42,
2020-03-03,,,,0.95,0.71,1.02,,,36.82,
2020-03-04,,,,0.72,0.67,1.02,,,31.99,
2020-03-05,,,,0.62,0.59,0.92,,,39.62,
2020-03-06,,,,0.45,0.49,0.74,,,41.94,
2020-03-09,,,,0.33,0.38,0.54,,,54.46,
2020-03-10,,,,0.44,0.5,0.76,,,47.3,
2020-03-11,,,,0.42,0.5,0.82,,,53.9,
2020-03-12,,,,0.33,0.5,0.88,,,75.47,
2020-03-13,,,,0.28,0.49,0.94,,,57.83,
2020-03-16,,,,0.24,0.36,0.73,,,82.69,
2020-03-17,,,,0.19,0.47,1.02,,,75.91,
2020-03-18,,,,0.02,0.54,1.18,,,76.45,
2020-03-19,,,,0.04,0.44,1.12,,,72.0,
2020-03-20,,,,0.05,0.37,0.92,,,66.04,
2020-03-23,,,,0.02,0.28,0.76,,,61.59,
2020-03-24,,,,0.01,0.38,0.84,,,61.67,
2020-03-25,,,,0.0,0.34,0.88,,,63.95,
2020-03-26,,,,0.0,0.3,0.83,,,61.0,
2020-03-27,,,,0.03,0.25,0.72,,,65.54,
2020-03-30,,,,0.12,0.23,0.7,,,57.08,
2020-03-31,,,,0.11,0.23,0.7,,,53.54,
2020-04-01,256.032,19056.617,14.8,0.09,0.23,0.62,12234.4,0.05,57.06,60.1
2020-04-02,,,,0.09,0.23,0.63,,,50.91,
2020-04-03,,,,0.1,0.23,0.62,,,46.8,
2020-04-06,,,,0.15,0.27,0.67,,,45.24,
2020-04-07,,,,0.14,0.28,0.75,,,46.7,
2020-04-08,,,,0.22,0.27,0.77,,,43.35,
2020-04-09,,,,0.25,0.23,0.73,,,41.67,
2020-04-10,,,,,,,,,,
2020-04-13,,,,0.26,0.25,0.76,,,41.17,
2020-04-14,,,,0.2,0.23,0.76,,,37.76,
2020-04-15,,,,0.14,0.2,0.63,,,40.84,
2020-04-16,,,,0.14,0.2,0.61,,,40.11,
2020-04-17,,,,0.12,0.2,0.65,,,38.15,
2020-04-20,,,,0.12,0.2,0.63,,,43.83,
2020-04-21,,,,0.11,0.2,0.58,,,45.41,
2020-04-22,,,,0.12,0.22,0.63,,,41.98,
2020-04-23,,,,0.11,0.22,0.61,,,41.38,
2020-04-24,,,,0.12,0.22,0.6,,,35.93,
2020-04-27,,,,0.12,0.24,0.67,,,33.29,
2020-04-28,,,,0.11,0.2,0.62,,,33.57,
2020-04-29,,,,0.1,0.2,0.63,,,31.23,
2020-04-30,,,,0.09,0.2,0.64,,,34.15,
2020-05-01,255.802,,13.2,0.12,0.2,0.64,13251.7,0.05,37.19,60.8
2020-05-04,,,,0.13,0.19,0.64,,,35.97,
2020-05-05,,,,0.13,0.19,0.66,,,33.61,
2020-05-06,,,,0.12,0.17,0.72,,,34.12,
2020-05-07,,,,0.11,0.13,0.63,,,31.44,
2020-05-08,,,,0.12,0.16,0.69,,,27.98,
2020-05-11,,,,0.12,0.17,0.73,,,27.57,
2020-05-12,,,,0.13,0.17,0.69,,,33.04,
2020-05-13,,,,0.13,0.16,0.64,,,35.28,
2020-05-14,,,,0.12,0.16,0.63,,,32.61,
2020-05-15,,,,0.12,0.16,0.64,,,31.89,
2020-05-18,,,,0.13,0.18,0.73,,,29.3,
2020-05-19,,,,0.13,0.17,0.7,,,30.53,
2020-05-20,,,,0.12,0.16,0.68,,,27.99,
2020-05-21,,,,0.12,0.17,0.68,,,29.53,
2020-05-22,,,,0.12,0.17,0.66,,,28.16,
2020-05-25,,,,,,,,,,
2020-05-26,,,,0.14,0.18,0.69,,,28.01,
2020-05-27,,,,0.15,0.19,0.68,,,27.62,
2020-05-28,,,,0.15,0.17,0.7,,,28.59,
2020-05-29,,,,0.14,0.16,0.65,,,27.51,
2020-06-01,257.042,,11.0,0.14,0.14,0.66,14040.8,0.08,28.23,61.5
2020-06-02,,,,0.15,0.17,0.68,,,26.84,
2020-06-03,,,,0.16,0.19,0.77,,,25.66,
2020-06-04,,,,0.15,0.19,0.82,,,25.81,
2020-06-05,,,,0.15,0.22,0.91,,,24.52,
2020-06-08,,,,0.17,0.22,0.88,,,25.81,
2020-06-09,,,,0.19,0.2,0.84,,,27.57,
2020-06-10,,,,0.17,0.17,0.75,,,27.57,
2020-06-11,,,,0.17,0.19,0.66,,,40.79,
2020-06-12,,,,0.16,0.19,0.71,,,36.09,
2020-06-15,,,,0.18,0.19,0.71,,,34.4,
2020-06-16,,,,0.17,0.21,0.75,,,33.67,
2020-06-17,,,,0.17,0.19,0.74,,,33.47,
2020-06-18,,,,0.16,0.19,0.71,,,32.94,
2020-06-19,,,,0.15,0.19,0.7,,,35.12,
2020-06-22,,,,0.16,0.19,0.71,,,31.77,
2020-06-23,,,,0.16,0.18,0.72,,,31.37,
2020-06-24,,,,0.15,0.19,0.69,,,33.84,
2020-06-25,,,,0.16,0.17,0.68,,,32.22,
2020-06-26,,,,0.14,0.17,0.64,,,34.73,
2020-06-29,,,,0.14,0.16,0.64,,,31.78,
2020-06-30,,,,0.16,0.16,0.66,,,30.43,
2020-07-01,258.352,20548.793,10.2,0.14,0.17,0.69,14303.8,0.09,28.62,61.5
2020-07-02,,,,0.14,0.16,0.68,,,27.68,
2020-07-03,,,,,,,,,,
2020-07-06,,,,0.15,0.16,0.69,,,27.94,
2020-07-07,,,,0.15,0.16,0.65,,,29.43,
2020-07-08,,,,0.15,0.16,0.67,,,28.08,
2020-07-09,,,,0.13,0.16,0.62,,,29.26,
2020-07-10,,,,0.13,0.16,0.65,,,27.29,
2020-07-13,,,,0.14,0.16,0.64,,,32.19,
2020-07-14,,,,0.15,0.14,0.63,,,29.52,
2020-07-15,,,,0.16,0.16,0.64,,,27.76,
2020-07-16,,,,0.11,0.16,0.62,,,28.0,
2020-07-17,,,,0.11,0.14,0.64,,,25.68,
2020-07-20,,,,0.13,0.16,0.62,,,24.46,
2020-07-21,,,,0.13,0.14,0.61,,,24.84,
2020-07-22,,,,0.13,0.14,0.6,,,24.32,
2020-07-23,,,,0.12,0.16,0.59,,,26.08,
2020-07-24,,,,0.11,0.14,0.59,,,25.84,
2020-07-27,,,,0.11,0.15,0.62,,,24.74,
2020-07-28,,,,0.11,0.14,0.59,,,25.44,
2020-07-29,,,,0.11,0.12,0.58,,,24.1,
2020-07-30,,,,0.09,0.11,0.55,,,24.76,
2020-07-31,,,,0.09,0.11,0.55,,,24.46,
2020-08-03,,,,0.1,0.11,0.56,,,24.28,
2020-08-04,,,,0.09,0.11,0.52,,,23.76,
2020-08-05,,,,0.1,0.11,0.55,,,22.99,
2020-08-06,,,,0.1,0.11,0.55,,,22.65,
2020-08-07,,,,0.1,0.13,0.57,,,22.21,
2020-08-10,,,,0.11,0.14,0.59,,,22.13,
2020-08-11,,,,0.11,0.16,0.64,,,24.03,
2020-08-12,,,,0.11,0.16,0.69,,,22.28,
2020-08-13,,,,0.1,0.16,0.71,,,22.13,
2020-08-14,,,,0.1,0.14,0.71,,,22.05,
2020-08-17,,,,0.1,0.14,0.69,,,21.35,
2020-08-18,,,,0.09,0.14,0.67,,,21.51,
2020-08-19,,,,0.11,0.14,0.68,,,22.54,
2020-08-20,,,,0.11,0.13,0.65,,,22.72,
2020-08-21,,,,0.1,0.16,0.64,,,22.54,
2020-08-24,,,,0.12,0.14,0.65,,,22.37,
2020-08-25,,,,0.11,0.15,0.69,,,22.03,
2020-08-26,,,,0.11,0.16,0.69,,,23.27,
2020-08-27,,,,0.11,0.16,0.74,,,24.47,
2020-08-28,,,,0.1,0.14,0.74,,,22.96,
2020-08-31,,,,0.11,0.14,0.72,,,26.41,
2020-09-01,259.997,,7.8,0.12,0.13,0.68,14675.4,0.09,26.12,61.4
2020-09-02,,,,0.12,0.14,0.66,,,26.57,
2020-09-03,,,,0.11,0.13,0.63,,,33.6,
2020-09-04,,,,0.11,0.14,0.72,,,30.75,
2020-09-07,,,,,,,,,,
2020-09-08,,,,0.13,0.14,0.69,,,31.46,
2020-09-09,,,,0.12,0.14,0.71,,,28.81,
2020-09-10,,,,0.12,0.14,0.68,,,29.71,
2020-09-11,,,,0.11,0.13,0.67,,,26.87,
2020-09-14,,,,0.11,0.14,0.68,,,25.85,
2020-09-15,,,,0.11,0.14,0.68,,,25.59,
2020-09-16,,,,0.12,0.14,0.69,,,26.04,
2020-09-17,,,,0.09,0.13,0.69,,,26.46,
2020-09-18,,,,0.1,0.14,0.7,,,25.83,
2020-09-21,,,,0.1,0.14,0.68,,,27.78,
2020-09-22,,,,0.1,0.13,0.68,,,26.86,
2020-09-23,,,,0.11,0.14,0.68,,,28.58,
2020-09-24,,,,0.1,0.14,0.67,,,28.51,
2020-09-25,,,,0.1,0.12,0.66,,,26.38,
2020-09-28,,,,0.11,0.14,0.67,,,26.19,
2020-09-29,,,,0.09,0.11,0.66,,,26.27,
2020-09-30,,,,0.1,0.13,0.69,,,26.37,
2020-10-01,260.319,20771.691,6.9,0.09,0.14,0.68,14726.0,0.09,26.7,61.7
2020-10-02,,,,0.09,0.13,0.7,,,27.63,
2020-10-05,,,,0.1,0.14,0.78,,,27.96,
2020-10-06,,,,0.1,0.14,0.76,,,29.48,
2020-10-07,,,,0.1,0.16,0.81,,,28.06,
2020-10-08,,,,0.09,0.13,0.78,,,26.36,
2020-10-09,,,,0.1,0.16,0.79,,,25.0,
2020-10-12,,,,,,,,,25.07,
2020-10-13,,,,0.11,0.16,0.74,,,26.07,
2020-10-14,,,,0.12,0.14,0.73,,,26.4,
2020-10-15,,,,0.11,0.14,0.74,,,26.97,
2020-10-16,,,,0.11,0.14,0.76,,,27.41,
2020-10-19,,,,0.11,0.16,0.78,,,29.18,
2020-10-20,,,,0.1,0.14,0.81,,,29.35,
2020-10-21,,,,0.1,0.14,0.83,,,28.65,
2020-10-22,,,,0.09,0.16,0.87,,,28.11,
2020-10-23,,,,0.1,0.18,0.85,,,27.55,
2020-10-26,,,,0.11,0.16,0.81,,,32.46,
2020-10-27,,,,0.1,0.16,0.79,,,33.35,
2020-10-28,,,,0.1,0.16,0.79,,,40.28,
2020-10-29,,,,0.09,0.16,0.85,,,37.59,
2020-10-30,,,,0.09,0.14,0.88,,,38.02,
2020-11-02,,,,0.09,0.16,0.87,,,37.13,
2020-11-03,,,,0.1,0.17,0.9,,,35.55,
2020-11-04,,,,0.1,0.14,0.78,,,29.57,
2020-11-05,,,,0.1,0.14,0.79,,,27.58,
2020-11-06,,,,0.1,0.16,0.83,,,24.86,
2020-11-09,,,,0.11,0.17,0.96,,,25.75,
2020-11-10,,,,0.1,0.19,0.98,,,24.8,
2020-11-11,,,,,,,,,23.45,
2020-11-12,,,,0.1,0.17,0.88,,,25.35,
2020-11-13,,,,0.09,0.17,0.89,,,23.1,
2020-11-16,,,,0.09,0.19,0.91,,,22.45,
2020-11-17,,,,0.09,0.18,0.87,,,22.71,
2020-11-18,,,,0.09,0.16,0.88,,,23.84,
2020-11-19,,,,0.07,0.18,0.86,,,23.11,
2020-11-20,,,,0.07,0.16,0.83,,,23.7,
2020-11-23,,,,0.08,0.16,0.86,,,22.66,
2020-11-24,,,,0.09,0.16,0.88,,,21.64,
2020-11-25,,,,0.09,0.17,0.88,,,21.25,
2020-11-26,,,,,,,,,,
2020-11-27,,,,0.09,0.16,0.84,,,20.84,
2020-11-30,,,,0.08,0.16,0.84,,,20.57,
2020-12-01,262.045,,6.7,0.09,0.17,0.92,14827.3,0.09,20.77,61.5
2020-12-02,,,,0.09,0.16,0.95,,,21.17,
2020-12-03,,,,0.08,0.16,0.92,,,21.28,
2020-12-04,,,,0.09,0.16,0.97,,,20.79,
2020-12-07,,,,0.08,0.14,0.94,,,21.3,
2020-12-08,,,,0.09,0.14,0.92,,,20.68,
2020-12-09,,,,0.08,0.16,0.95,,,22.27,
2020-12-10,,,,0.08,0.14,0.92,,,22.52,
2020-12-11,,,,0.08,0.11,0.9,,,23.31,
2020-12-14,,,,0.09,0.13,0.9,,,24.72,
2020-12-15,,,,0.08,0.11,0.92,,,22.89,
2020-12-16,,,,0.09,0.13,0.92,,,22.5,
2020-12-17,,,,0.08,0.13,0.94,,,21.93,
2020-12-18,,,,0.08,0.13,0.95,,,21.57,
2020-12-21,,,,0.09,0.13,0.95,,,25.16,
2020-12-22,,,,0.09,0.13,0.93,,,24.23,
2020-12-23,,,,0.09,0.13,0.96,,,23.31,
2020-12-24,,,,0.09,0.13,0.94,,,21.53,
2020-12-25,,,,,,,,,,
2020-12-28,,,,0.11,0.13,0.94,,,21.7,
2020-12-29,,,,0.1,0.12,0.94,,,23.08,
2020-12-30,,,,0.08,0.12,0.93,,,22.77,
2020-12-31,,,,0.09,0.13,0.93,,,22.75,
2021-01-01,262.639,21058.379,6.4,,,,15081.5,0.09,,61.4
2021-01-04,,,,0.09,0.11,0.93,,,26.97,
2021-01-05,,,,0.09,0.13,0.96,,,25.34,
2021-01-06,,,,0.09,0.14,1.04,,,25.07,
2021-01-07,,,,0.09,0.14,1.08,,,22.37,
2021-01-08,,,,0.08,0.14,1.13,,,21.56,
2021-01-11,,,,0.08,0.14,1.15,,,24.08,
2021-01-12,,,,0.09,0.14,1.15,,,23.33,
2021-01-13,,,,0.09,0.14,1.1,,,22.21,
2021-01-14,,,,0.09,0.16,1.15,,,23.25,
2021-01-15,,,,0.09,0.13,1.11,,,24.34,
2021-01-18,,,,,,,,,,
2021-01-19,,,,0.09,0.14,1.1,,,23.24,
2021-01-20,,,,0.08,0.13,1.1,,,21.58,
2021-01-21,,,,0.09,0.13,1.12,,,21.32,
2021-01-22,,,,0.08,0.13,1.1,,,21.91,
2021-01-25,,,,0.09,0.13,1.05,,,23.19,
2021-01-26,,,,0.07,0.11,1.05,,,23.02,
2021-01-27,,,,0.08,0.12,1.04,,,37.21,
2021-01-28,,,,0.07,0.12,1.07,,,30.21,
2021-01-29,,,,0.06,0.11,1.11,,,33.09,
2021-02-01,263.573,,6.2,0.07,0.11,1.09,14984.4,0.08,30.24,61.4
2021-02-02,,,,0.07,0.11,1.12,,,25.56,
2021-02-03,,,,0.04,0.11,1.15,,,22.91,
2021-02-04,,,,0.04,0.11,1.15,,,21.77,
2021-02-05,,,,0.03,0.09,1.19,,,20.87,
2021-02-08,,,,0.05,0.11,1.19,,,21.24,
2021-02-09,,,,0.04,0.11,1.18,,,21.63,
2021-02-10,,,,0.05,0.11,1.15,,,21.99,
2021-02-11,,,,0.05,0.11,1.16,,,21.25,
2021-02-12,,,,0.04,0.11,1.2,,,19.97,
2021-02-15,,,,,,,,,,
2021-02-16,,,,0.04,0.13,1.3,,,21.46,
2021-02-17,,,,0.04,0.11,1.29,,,21.5,
2021-02-18,,,,0.03,0.11,1.29,,,22.49,
2021-02-19,,,,0.04,0.11,1.34,,,22.05,
2021-02-22,,,,0.03,0.11,1.37,,,23.45,
2021-02-23,,,,0.04,0.11,1.37,,,23.11,
2021-02-24,,,,0.03,0.12,1.38,,,21.34,
2021-02-25,,,,0.04,0.17,1.54,,,28.89,
2021-02-26,,,,0.04,0.14,1.44,,,27.95,
2021-03-01,264.847,,6.1,0.05,0.13,1.45,15712.4,0.07,23.35,61.5
2021-03-02,,,,0.04,0.13,1.42,,,24.1,
2021-03-03,,,,0.05,0.14,1.47,,,26.67,
2021-03-04,,,,0.04,0.14,1.54,,,28.57,
2021-03-05,,,,0.04,0.14,1.56,,,24.66,
2021-03-08,,,,0.05,0.17,1.59,,,25.47,
2021-03-09,,,,0.05,0.17,1.55,,,24.03,
2021-03-10,,,,0.04,0.16,1.53,,,22.56,
2021-03-11,,,,0.04,0.14,1.54,,,21.91,
2021-03-12,,,,0.04,0.14,1.64,,,20.69,
2021-03-15,,,,0.04,0.14,1.62,,,20.03,
2021-03-16,,,,0.02,0.15,1.62,,,19.79,
2021-03-17,,,,0.02,0.13,1.63,,,19.23,
2021-03-18,,,,0.01,0.16,1.71,,,21.58,
2021-03-19,,,,0.01,0.16,1.74,,,20.95,
2021-03-22,,,,0.03,0.15,1.69,,,18.88,
2021-03-23,,,,0.01,0.15,1.63,,,20.3,
2021-03-24,,,,0.02,0.14,1.62,,,21.2,
2021-03-25,,,,0.02,0.14,1.63,,,19.81,
2021-03-26,,,,0.02,0.14,1.67,,,18.86,
2021-03-29,,,,0.03,0.14,1.73,,,20.74,
2021-03-30,,,,0.02,0.16,1.73,,,19.61,
2021-03-31,,,,0.03,0.16,1.74,,,19.4,
2021-04-01,266.625,21389.005,6.1,0.02,0.17,1.69,15915.0,0.07,17.33,61.6
2021-04-02,,,,0.02,0.19,1.72,,,,
2021-04-05,,,,0.03,0.17,1.73,,,17.91,
2021-04-06,,,,0.02,0.16,1.67,,,18.12,
2021-04-07,,,,0.02,0.16,1.68,,,17.16,
2021-04-08,,,,0.01,0.14,1.64,,,16.95,
2021-04-09,,,,0.02,0.16,1.67,,,16.69,
2021-04-12,,,,0.02,0.18,1.69,,,16.91,
2021-04-13,,,,0.03,0.16,1.64,,,16.65,
2021-04-14,,,,0.02,0.16,1.64,,,16.99,
2021-04-15,,,,0.02,0.16,1.56,,,16.57,
2021-04-16,,,,0.02,0.16,1.59,,,16.25,
2021-04-19,,,,0.02,0.16,1.61,,,17.29,
2021-04-20,,,,0.03,0.15,1.58,,,18.68,
2021-04-21,,,,0.03,0.15,1.57,,,17.5,
2021-04-22,,,,0.03,0.16,1.57,,,18.71,
2021-04-23,,,,0.03,0.16,1.58,,,17.33,
2021-04-26,,,,0.03,0.18,1.58,,,17.64,
2021-04-27,,,,0.01,0.17,1.63,,,17.56,
2021-04-28,,,,0.01,0.17,1.63,,,17.28,
2021-04-29,,,,0.01,0.16,1.65,,,17.61,
2021-04-30,,,,0.01,0.16,1.65,,,18.61,
2021-05-03,,,,0.04,0.16,1.63,,,18.31,
2021-05-04,,,,0.02,0.16,1.61,,,19.48,
2021-05-05,,,,0.02,0.16,1.59,,,19.15,
2021-05-06,,,,0.02,0.16,1.58,,,18.39,
2021-05-07,,,,0.02,0.14,1.6,,,16.69,
2021-05-10,,,,0.02,0.16,1.63,,,19.66,
2021-05-11,,,,0.01,0.16,1.64,,,21.84,
2021-05-12,,,,0.02,0.16,1.69,,,27.59,
2021-05-13,,,,0.02,0.16,1.66,,,23.13,
2021-05-14,,,,0.01,0.16,1.63,,,18.81,
2021-05-17,,,,0.02,0.16,1.64,,,19.72,
2021-05-18,,,,0.02,0.16,1.64,,,21.34,
2021-05-19,,,,0.01,0.16,1.68,,,22.18,
2021-05-20,,,,0.01,0.15,1.63,,,20.67,
2021-05-21,,,,0.01,0.17,1.63,,,20.15,
2021-05-24,,,,0.02,0.15,1.61,,,18.4,
2021-05-25,,,,0.02,0.15,1.56,,,18.84,
2021-05-26,,,,0.02,0.14,1.58,,,17.36,
2021-05-27,,,,0.02,0.14,1.61,,,16.74,
2021-05-28,,,,0.01,0.14,1.58,,,16.76,
2021-05-31,,,,,,,,,,
2021-06-01,270.71,,5.9,0.02,0.16,1.62,16183.6,0.08,17.9,61.7
2021-06-02,,,,0.02,0.13,1.59,,,17.48,
2021-06-03,,,,0.02,0.16,1.63,,,18.04,
2021-06-04,,,,0.02,0.14,1.56,,,16.42,
2021-06-07,,,,0.02,0.16,1.57,,,16.42,
2021-06-08,,,,0.02,0.14,1.53,,,17.07,
2021-06-09,,,,0.03,0.16,1.5,,,17.89,
2021-06-10,,,,0.03,0.14,1.45,,,16.1,
2021-06-11,,,,0.03,0.16,1.47,,,15.65,
2021-06-14,,,,0.03,0.16,1.51,,,16.39,
2021-06-15,,,,0.03,0.16,1.51,,,17.02,
2021-06-16,,,,0.04,0.21,1.57,,,18.15,
2021-06-17,,,,0.04,0.23,1.52,,,17.75,
2021-06-18,,,,0.05,0.26,1.45,,,20.7,
2021-06-21,,,,0.05,0.27,1.5,,,17.89,
2021-06-22,,,,0.04,0.25,1.48,,,16.66,
2021-06-23,,,,0.05,0.26,1.5,,,16.32,
2021-06-24,,,,0.05,0.26,1.49,,,15.97,
2021-06-25,,,,0.06,0.28,1.54,,,15.62,
2021-06-28,,,,0.05,0.25,1.49,,,15.76,
2021-06-29,,,,0.04,0.27,1.49,,,16.02,
2021-06-30,,,,0.05,0.25,1.45,,,15.83,
2021-07-01,271.965,21571.421,5.4,0.05,0.25,1.48,16223.5,0.1,15.48,61.8
2021-07-02,,,,0.05,0.24,1.44,,,15.07,
2021-07-05,,,,,,,,,,
2021-07-06,,,,0.05,0.22,1.37,,,16.44,
2021-07-07,,,,0.05,0.22,1.33,,,16.2,
2021-07-08,,,,0.06,0.19,1.3,,,19.0,
2021-07-09,,,,0.06,0.23,1.37,,,16.18,
2021-07-12,,,,0.05,0.23,1.38,,,16.17,
2021-07-13,,,,0.05,0.26,1.42,,,17.12,
2021-07-14,,,,0.06,0.23,1.37,,,16.33,
2021-07-15,,,,0.05,0.23,1.31,,,17.01,
2021-07-16,,,,0.05,0.25,1.31,,,18.45,
2021-07-19,,,,0.05,0.21,1.19,,,22.5,
2021-07-20,,,,0.05,0.2,1.23,,,19.73,
2021-07-21,,,,0.05,0.22,1.3,,,17.91,
2021-07-22,,,,0.05,0.2,1.27,,,17.69,
2021-07-23,,,,0.05,0.22,1.3,,,17.2,
2021-07-26,,,,0.05,0.22,1.29,,,17.58,
2021-07-27,,,,0.05,0.2,1.25,,,19.36,
2021-07-28,,,,0.05,0.2,1.26,,,18.31,
2021-07-29,,,,0.06,0.2,1.28,,,17.7,
2021-07-30,,,,0.06,0.19,1.24,,,18.24,
2021-08-02,,,,0.05,0.17,1.2,,,19.46,
2021-08-03,,,,0.05,0.17,1.19,,,18.04,
2021-08-04,,,,0.05,0.17,1.19,,,17.97,
2021-08-05,,,,0.05,0.21,1.23,,,17.28,
2021-08-06,,,,0.06,0.21,1.31,,,16.15,
2021-08-09,,,,0.06,0.23,1.33,,,16.72,
2021-08-10,,,,0.05,0.24,1.36,,,16.79,
2021-08-11,,,,0.05,0.23,1.35,,,16.06,
2021-08-12,,,,0.06,0.23,1.36,,,15.59,
2021-08-13,,,,0.06,0.23,1.29,,,15.45,
2021-08-16,,,,0.06,0.21,1.26,,,16.12,
2021-08-17,,,,0.07,0.23,1.26,,,17.91,
2021-08-18,,,,0.07,0.23,1.27,,,21.57,
2021-08-19,,,,0.06,0.22,1.24,,,21.67,
2021-08-20,,,,0.05,0.23,1.26,,,18.56,
2021-08-23,,,,0.05,0.23,1.25,,,17.15,
2021-08-24,,,,0.05,0.24,1.29,,,17.22,
2021-08-25,,,,0.06,0.23,1.35,,,16.79,
2021-08-26,,,,0.05,0.25,1.34,,,18.84,
2021-08-27,,,,0.05,0.22,1.31,,,16.39,
2021-08-30,,,,0.05,0.2,1.29,,,16.19,
2021-08-31,,,,0.04,0.2,1.3,,,16.48,
2021-09-01,273.942,,4.7,0.05,0.2,1.31,16477.5,0.08,16.11,61.7
2021-09-02,,,,0.05,0.2,1.29,,,16.41,
2021-09-03,,,,0.05,0.21,1.33,,,16.41,
2021-09-06,,,,,,,,,,
2021-09-07,,,,0.05,0.22,1.38,,,18.14,
2021-09-08,,,,0.05,0.22,1.35,,,17.96,
2021-09-09,,,,0.04,0.23,1.3,,,18.8,
2021-09-10,,,,0.05,0.23,1.35,,,20.95,
2021-09-13,,,,0.06,0.21,1.33,,,19.37,
2021-09-14,,,,0.04,0.21,1.28,,,19.46,
2021-09-15,,,,0.04,0.21,1.31,,,18.18,
2021-09-16,,,,0.04,0.23,1.34,,,18.69,
2021-09-17,,,,0.04,0.23,1.37,,,20.81,
2021-09-20,,,,0.04,0.23,1.31,,,25.71,
2021-09-21,,,,0.03,0.22,1.33,,,24.36,
2021-09-22,,,,0.03,0.25,1.32,,,20.87,
2021-09-23,,,,0.03,0.27,1.41,,,18.63,
2021-09-24,,,,0.03,0.29,1.47,,,17.75,
2021-09-27,,,,0.04,0.31,1.48,,,18.76,
2021-09-28,,,,0.04,0.31,1.54,,,23.25,
2021-09-29,,,,0.04,0.3,1.55,,,22.56,
2021-09-30,,,,0.04,0.28,1.52,,,23.14,
2021-10-01,276.528,21960.388,4.5,0.04,0.27,1.48,16694.0,0.08,21.15,61.8
2021-10-04,,,,0.04,0.27,1.49,,,22.96,
2021-10-05,,,,0.04,0.28,1.54,,,21.3,
2021-10-06,,,,0.04,0.3,1.53,,,21.0,
2021-10-07,,,,0.05,0.32,1.58,,,19.54,
2021-10-08,,,,0.05,0.32,1.61,,,18.77,
2021-10-11,,,,,,,,,20.0,
2021-10-12,,,,0.06,0.35,1.59,,,19.85,
2021-10-13,,,,0.05,0.37,1.56,,,18.64,
2021-10-14,,,,0.05,0.36,1.52,,,16.86,
2021-10-15,,,,0.05,0.41,1.59,,,16.3,
2021-10-18,,,,0.06,0.44,1.59,,,16.31,
2021-10-19,,,,0.05,0.41,1.65,,,15.7,
2021-10-20,,,,0.05,0.4,1.65,,,15.49,
2021-10-21,,,,0.06,0.45,1.68,,,15.01,
2021-10-22,,,,0.06,0.48,1.66,,,15.43,
2021-10-25,,,,0.06,0.47,1.64,,,15.24,
2021-10-26,,,,0.06,0.47,1.63,,,15.98,
2021-10-27,,,,0.06,0.5,1.54,,,16.98,
2021-10-28,,,,0.06,0.5,1.57,,,16.53,
2021-10-29,,,,0.05,0.48,1.55,,,16.26,
2021-11-01,278.824,,4.2,0.05,0.5,1.58,16849.0,0.08,16.41,61.9
2021-11-02,,,,0.05,0.46,1.56,,,16.03,
2021-11-03,,,,0.05,0.47,1.6,,,15.1,
2021-11-04,,,,0.04,0.41,1.53,,,15.44,
2021-11-05,,,,0.05,0.39,1.45,,,16.48,
2021-11-08,,,,0.06,0.45,1.51,,,17.22,
2021-11-09,,,,0.04,0.41,1.46,,,17.78,
2021-11-10,,,,0.05,0.51,1.56,,,18.73,
2021-11-11,,,,,,,,,17.66,
2021-11-12,,,,0.05,0.53,1.58,,,16.29,
2021-11-15,,,,0.05,0.53,1.63,,,16.49,
2021-11-16,,,,0.05,0.54,1.63,,,16.37,
2021-11-17,,,,0.05,0.52,1.6,,,17.11,
2021-11-18,,,,0.05,0.52,1.59,,,17.59,
2021-11-19,,,,0.05,0.52,1.54,,,17.91,
2021-11-22,,,,0.05,0.63,1.63,,,19.17,
2021-11-23,,,,0.06,0.6,1.67,,,19.38,
2021-11-24,,,,0.06,0.64,1.64,,,18.58,
2021-11-25,,,,,,,,,,
2021-11-26,,,,0.06,0.5,1.48,,,28.62,
2021-11-29,,,,0.06,0.51,1.52,,,22.96,
2021-11-30,,,,0.05,0.52,1.43,,,27.19,
2021-12-01,280.806,,3.9,0.06,0.56,1.43,16905.5,0.08,31.12,62.0
2021-12-02,,,,0.05,0.63,1.44,,,27.95,
2021-12-03,,,,0.06,0.6,1.35,,,30.67,
2021-12-06,,,,0.05,0.65,1.43,,,27.18,
2021-12-07,,,,0.06,0.7,1.48,,,21.89,
2021-12-08,,,,0.07,0.68,1.52,,,19.9,
2021-12-09,,,,0.06,0.7,1.49,,,21.58,
2021-12-10,,,,0.06,0.67,1.48,,,18.69,
2021-12-13,,,,0.05,0.66,1.42,,,20.31,
2021-12-14,,,,0.05,0.67,1.44,,,21.89,
2021-12-15,,,,0.05,0.69,1.47,,,19.29,
2021-12-16,,,,0.05,0.64,1.44,,,20.57,
2021-12-17,,,,0.05,0.66,1.41,,,21.57,
2021-12-20,,,,0.07,0.65,1.43,,,22.87,
2021-12-21,,,,0.07,0.7,1.48,,,21.01,
2021-12-22,,,,0.08,0.68,1.46,,,18.63,
2021-12-23,,,,0.07,0.71,1.5,,,17.96,
2021-12-24,,,,,,,,,,
2021-12-27,,,,0.06,0.76,1.48,,,17.68,
2021-12-28,,,,0.06,0.74,1.49,,,17.54,
2021-12-29,,,,0.05,0.75,1.55,,,16.95,
2021-12-30,,,,0.05,0.73,1.52,,,17.33,
2021-12-31,,,,0.06,0.73,1.52,,,17.22,
2022-01-03,,,,0.08,0.78,1.63,,,16.6,
2022-01-04,,,,0.08,0.77,1.66,,,16.91,
2022-01-05,,,,0.09,0.83,1.71,,,19.73,
2022-01-06,,,,0.1,0.88,1.73,,,19.61,
2022-01-07,,,,0.1,0.87,1.76,,,18.76,
2022-01-10,,,,0.13,0.92,1.78,,,19.4,
2022-01-11,,,,0.11,0.9,1.75,,,18.41,
2022-01-12,,,,0.12,0.92,1.74,,,17.62,
2022-01-13,,,,0.12,0.91,1.7,,,20.31,
2022-01-14,,,,0.13,0.99,1.78,,,19.19,
2022-01-17,,,,,,,,,,
2022-01-18,,,,0.16,1.06,1.87,,,22.79,
2022-01-19,,,,0.17,1.04,1.83,,,23.85,
2022-01-20,,,,0.17,1.08,1.83,,,25.59,
2022-01-21,,,,0.17,1.01,1.75,,,28.85,
2022-01-24,,,,0.19,0.99,1.75,,,29.9,
2022-01-25,,,,0.19,1.02,1.78,,,31.16,
2022-01-26,,,,0.19,1.13,1.85,,,31.96,
2022-01-27,,,,0.2,1.18,1.81,,,30.49,
2022-01-28,,,,0.19,1.15,1.78,,,27.66,
2022-01-31,,,,0.22,1.18,1.79,,,24.83,
2022-02-01,284.525,,3.8,0.19,1.18,1.81,17136.1,0.08,21.96,62.2
2022-02-02,,,,0.19,1.16,1.78,,,22.09,
2022-02-03,,,,0.2,1.19,1.82,,,24.35,
2022-02-04,,,,0.23,1.31,1.93,,,23.22,
2022-02-07,,,,0.27,1.3,1.92,,,22.86,
2022-02-08,,,,0.25,1.35,1.96,,,21.44,
2022-02-09,,,,0.26,1.36,1.94,,,19.96,
2022-02-10,,,,0.4,1.61,2.03,,,23.91,
2022-02-11,,,,0.36,1.5,1.92,,,27.36,
2022-02-14,,,,0.43,1.58,1.98,,,28.33,
2022-02-15,,,,0.4,1.58,2.05,,,25.7,
2022-02-16,,,,0.38,1.52,2.03,,,24.29,
2022-02-17,,,,0.36,1.49,1.97,,,28.11,
2022-02-18,,,,0.35,1.47,1.92,,,27.75,
2022-02-21,,,,,,,,,,
2022-02-22,,,,0.37,1.56,1.94,,,28.81,
2022-02-23,,,,0.34,1.58,1.99,,,31.02,
2022-02-24,,,,0.32,1.54,1.96,,,30.32,
2022-02-25,,,,0.33,1.55,1.97,,,27.59,
2022-02-28,,,,0.35,1.44,1.83,,,30.15,
2022-03-01,287.467,,3.7,0.32,1.31,1.72,17371.4,0.2,33.32,62.3
2022-03-02,,,,0.34,1.5,1.86,,,30.74,
2022-03-03,,,,0.38,1.53,1.86,,,30.48,
2022-03-04,,,,0.34,1.5,1.74,,,31.98,
2022-03-07,,,,0.38,1.55,1.78,,,36.45,
2022-03-08,,,,0.36,1.63,1.86,,,35.13,
2022-03-09,,,,0.38,1.68,1.94,,,32.45,
2022-03-10,,,,0.39,1.72,1.98,,,30.23,
2022-03-11,,,,0.4,1.75,2.0,,,30.75,
2022-03-14,,,,0.45,1.87,2.14,,,31.77,
2022-03-15,,,,0.46,1.85,2.15,,,29.83,
2022-03-16,,,,0.44,1.95,2.19,,,26.67,
2022-03-17,,,,0.4,1.94,2.2,,,25.67,
2022-03-18,,,,0.42,1.97,2.14,,,23.87,
2022-03-21,,,,0.54,2.14,2.32,,,23.53,
2022-03-22,,,,0.51,2.18,2.38,,,22.94,
2022-03-23,,,,0.5,2.13,2.32,,,23.57,
2022-03-24,,,,0.52,2.13,2.34,,,21.67,
2022-03-25,,,,0.55,2.3,2.48,,,20.81,
2022-03-28,,,,0.59,2.35,2.46,,,19.63,
2022-03-29,,,,0.55,2.35,2.41,,,18.9,
2022-03-30,,,,0.55,2.31,2.35,,,19.33,
2022-03-31,,,,0.52,2.28,2.32,,,20.56,
2022-04-01,288.582,21919.222,3.7,0.53,2.44,2.39,17493.8,0.33,19.63,62.2
2022-04-04,,,,0.66,2.43,2.42,,,18.57,
2022-04-05,,,,0.65,2.51,2.54,,,21.03,
2022-04-06,,,,0.67,2.5,2.61,,,22.1,
2022-04-07,,,,0.68,2.47,2.66,,,21.55,
2022-04-08,,,,0.7,2.53,2.72,,,21.16,
2022-04-11,,,,0.77,2.5,2.79,,,24.37,
2022-04-12,,,,0.74,2.39,2.72,,,24.26,
2022-04-13,,,,0.75,2.37,2.7,,,21.82,
2022-04-14,,,,0.79,2.47,2.83,,,22.7,
2022-04-15,,,,,,,,,,
2022-04-18,,,,0.81,2.46,2.85,,,22.17,
2022-04-19,,,,0.81,2.61,2.93,,,21.37,
2022-04-20,,,,0.82,2.6,2.85,,,20.32,
2022-04-21,,,,0.83,2.68,2.9,,,22.68,
2022-04-22,,,,0.83,2.72,2.9,,,28.21,
2022-04-25,,,,0.91,2.63,2.81,,,27.02,
2022-04-26,,,,0.83,2.54,2.77,,,33.52,
2022-04-27,,,,0.82,2.58,2.82,,,31.6,
2022-04-28,,,,0.82,2.63,2.85,,,29.99,
2022-04-29,,,,0.85,2.7,2.89,,,33.4,
2022-05-02,,,,0.9,2.73,2.99,,,32.34,
2022-05-03,,,,0.91,2.78,2.97,,,29.25,
2022-05-04,,,,0.89,2.66,2.93,,,25.42,
2022-05-05,,,,0.85,2.71,3.05,,,31.2,
2022-05-06,,,,0.85,2.72,3.12,,,30.19,
2022-05-09,,,,0.92,2.61,3.05,,,34.75,
2022-05-10,,,,0.89,2.62,2.99,,,32.99,
2022-05-11,,,,0.91,2.66,2.91,,,32.56,
2022-05-12,,,,0.96,2.56,2.84,,,31.77,
2022-05-13,,,,1.03,2.61,2.93,,,28.87,
2022-05-16,,,,1.07,2.58,2.88,,,27.47,
2022-05-17,,,,1.06,2.71,2.98,,,26.1,
2022-05-18,,,,1.03,2.68,2.89,,,30.96,
2022-05-19,,,,1.05,2.63,2.84,,,29.35,
2022-05-20,,,,1.03,2.6,2.78,,,29.43,
2022-05-23,,,,1.07,2.65,2.86,,,28.48,
2022-05-24,,,,1.06,2.5,2.76,,,29.45,
2022-05-25,,,,1.06,2.48,2.75,,,28.37,
2022-05-26,,,,1.07,2.46,2.75,,,27.5,
2022-05-27,,,,1.08,2.47,2.74,,,25.72,
2022-05-30,,,,,,,,,26.54,
2022-05-31,,,,1.16,2.53,2.85,,,26.19,
2022-06-01,295.072,,3.6,1.15,2.66,2.94,17747.6,1.21,25.69,62.2
2022-06-02,,,,1.17,2.65,2.92,,,24.72,
2022-06-03,,,,1.21,2.66,2.96,,,24.79,
2022-06-06,,,,1.26,2.73,3.04,,,25.07,
2022-06-07,,,,1.26,2.75,2.98,,,24.02,
2022-06-08,,,,1.28,2.78,3.03,,,23.96,
2022-06-09,,,,1.3,2.83,3.04,,,26.09,
2022-06-10,,,,1.39,3.06,3.15,,,27.75,
2022-06-13,,,,1.73,3.4,3.43,,,34.02,
2022-06-14,,,,1.83,3.45,3.49,,,32.69,
2022-06-15,,,,1.74,3.2,3.33,,,29.62,
2022-06-16,,,,1.59,3.14,3.28,,,32.95,
2022-06-17,,,,1.63,3.17,3.25,,,31.13,
2022-06-20,,,,,,,,,31.03,
2022-06-21,,,,1.7,3.21,3.31,,,30.19,
2022-06-22,,,,1.61,3.06,3.16,,,28.95,
2022-06-23,,,,1.65,3.01,3.09,,,29.05,
2022-06-24,,,,1.73,3.04,3.13,,,27.23,
2022-06-27,,,,1.79,3.08,3.2,,,26.95,
2022-06-28,,,,1.79,3.1,3.2,,,28.36,
2022-06-29,,,,1.78,3.06,3.1,,,28.16,
2022-06-30,,,,1.72,2.92,2.98,,,28.71,
2022-07-01,294.94,22066.784,3.5,1.73,2.84,2.88,17744.0,1.68,26.7,62.1
2022-07-04,,,,,,,,,27.53,
2022-07-05,,,,1.9,2.82,2.82,,,27.54,
2022-07-06,,,,1.9,2.97,2.93,,,26.73,
2022-07-07,,,,1.95,3.03,3.01,,,26.08,
2022-07-08,,,,1.98,3.12,3.09,,,24.64,
2022-07-11,,,,2.18,3.07,2.99,,,26.17,
2022-07-12,,,,2.22,3.03,2.96,,,27.29,
2022-07-13,,,,2.39,3.13,2.91,,,26.82,
2022-07-14,,,,2.4,3.15,2.96,,,26.4,
2022-07-15,,,,2.37,3.13,2.93,,,24.23,
2022-07-18,,,,2.5,3.15,2.96,,,25.3,
2022-07-19,,,,2.52,3.23,3.01,,,24.5,
2022-07-20,,,,2.51,3.25,3.04,,,23.88,
2022-07-21,,,,2.48,3.1,2.91,,,23.11,
2022-07-22,,,,2.49,2.98,2.77,,,23.03,
2022-07-25,,,,2.62,3.0,2.81,,,23.36,
2022-07-26,,,,2.55,3.02,2.81,,,24.69,
2022-07-27,,,,2.44,2.96,2.78,,,23.24,
2022-07-28,,,,2.42,2.85,2.68,,,22.33,
2022-07-29,,,,2.41,2.89,2.67,,,21.33,
2022-08-01,295.162,,3.6,2.56,2.9,2.6,17897.5,2.33,22.84,62.3
2022-08-02,,,,2.56,3.06,2.75,,,23.93,
2022-08-03,,,,2.52,3.1,2.73,,,21.95,
2022-08-04,,,,2.5,3.03,2.68,,,21.44,
2022-08-05,,,,2.58,3.24,2.83,,,21.15,
2022-08-08,,,,2.65,3.21,2.77,,,21.29,
2022-08-09,,,,2.67,3.28,2.8,,,21.77,
2022-08-10,,,,2.65,3.23,2.78,,,19.74,
2022-08-11,,,,2.62,3.23,2.87,,,20.2,
2022-08-12,,,,2.63,3.25,2.84,,,19.53,
2022-08-15,,,,2.72,3.2,2.79,,,19.95,
2022-08-16,,,,2.7,3.25,2.82,,,19.69,
2022-08-17,,,,2.68,3.28,2.89,,,19.9,
2022-08-18,,,,2.71,3.22,2.88,,,19.56,
2022-08-19,,,,2.74,3.25,2.98,,,20.6,
2022-08-22,,,,2.82,3.32,3.03,,,23.8,
2022-08-23,,,,2.8,3.29,3.05,,,24.11,
2022-08-24,,,,2.82,3.36,3.11,,,22.82,
2022-08-25,,,,2.88,3.35,3.03,,,21.78,
2022-08-26,,,,2.89,3.37,3.04,,,25.56,
2022-08-29,,,,2.97,3.42,3.12,,,26.21,
2022-08-30,,,,2.97,3.46,3.11,,,26.21,
2022-08-31,,,,2.96,3.45,3.15,,,25.87,
2022-09-01,296.421,,3.5,2.97,3.51,3.26,17987.2,2.56,25.56,62.3
2022-09-02,,,,2.94,3.4,3.2,,,25.47,
2022-09-05,,,,,,,,,25.99,
2022-09-06,,,,3.04,3.5,3.33,,,26.91,
2022-09-07,,,,3.07,3.45,3.27,,,24.64,
2022-09-08,,,,3.06,3.48,3.29,,,23.61,
2022-09-09,,,,3.08,3.56,3.33,,,22.79,
2022-09-12,,,,3.17,3.58,3.37,,,23.87,
2022-09-13,,,,3.28,3.75,3.42,,,27.27,
2022-09-14,,,,3.24,3.78,3.41,,,26.16,
2022-09-15,,,,3.22,3.87,3.45,,,26.27,
2022-09-16,,,,3.2,3.85,3.45,,,26.3,
2022-09-19,,,,3.37,3.95,3.49,,,25.76,
2022-09-20,,,,3.35,3.96,3.57,,,27.16,
2022-09-21,,,,3.31,4.02,3.51,,,27.99,
2022-09-22,,,,3.29,4.11,3.7,,,27.35,
2022-09-23,,,,3.24,4.2,3.69,,,29.92,
2022-09-26,,,,3.39,4.27,3.88,,,32.26,
2022-09-27,,,,3.35,4.3,3.97,,,32.6,
2022-09-28,,,,3.4,4.07,3.72,,,30.18,
2022-09-29,,,,3.36,4.16,3.76,,,31.84,
2022-09-30,,,,3.33,4.22,3.83,,,31.62,
2022-10-03,,,,3.46,4.12,3.67,,,30.1,
2022-10-04,,,,3.45,4.1,3.62,,,29.07,
2022-10-05,,,,3.46,4.15,3.76,,,28.55,
2022-10-06,,,,3.46,4.23,3.83,,,30.52,
2022-10-07,,,,3.45,4.3,3.89,,,31.36,
2022-10-10,,,,,,,,,32.45,
2022-10-11,,,,3.67,4.3,3.93,,,33.63,
2022-10-12,,,,3.7,4.28,3.91,,,33.57,
2022-10-13,,,,3.79,4.47,3.97,,,31.94,
2022-10-14,,,,3.81,4.48,4.0,,,32.02,
2022-10-17,,,,3.97,4.45,4.02,,,31.37,
2022-10-18,,,,4.04,4.43,4.01,,,30.5,
2022-10-19,,,,4.07,4.55,4.14,,,30.76,
2022-10-20,,,,4.09,4.62,4.24,,,29.98,
2022-10-21,,,,4.09,4.49,4.21,,,29.69,
2022-10-24,,,,4.16,4.5,4.25,,,29.85,
2022-10-25,,,,4.14,4.42,4.1,,,28.46,
2022-10-26,,,,4.11,4.39,4.04,,,27.28,
2022-10-27,,,,4.13,4.3,3.96,,,27.39,
2022-10-28,,,,4.18,4.41,4.02,,,25.75,
2022-10-31,,,,4.22,4.51,4.1,,,25.88,
2022-11-01,298.708,,3.6,4.23,4.54,4.07,18094.0,3.78,25.81,62.1
2022-11-02,,,,4.22,4.61,4.1,,,25.86,
2022-11-03,,,,4.25,4.71,4.14,,,25.3,
2022-11-04,,,,4.21,4.66,4.17,,,24.55,
2022-11-07,,,,4.29,4.72,4.22,,,24.35,
2022-11-08,,,,4.28,4.67,4.14,,,25.54,
2022-11-09,,,,4.29,4.61,4.12,,,26.09,
2022-11-10,,,,4.28,4.34,3.82,,,23.53,
2022-11-11,,,,,,,,,22.52,
2022-11-14,,,,4.34,4.4,3.88,,,23.73,
2022-11-15,,,,4.31,4.37,3.8,,,24.54,
2022-11-16,,,,4.32,4.35,3.67,,,24.11,
2022-11-17,,,,4.32,4.43,3.77,,,23.93,
2022-11-18,,,,4.34,4.51,3.82,,,23.12,
2022-11-21,,,,4.41,4.48,3.83,,,22.36,
2022-11-22,,,,4.4,4.47,3.76,,,21.29,
2022-11-23,,,,4.4,4.46,3.71,,,20.35,
2022-11-24,,,,,,,,,20.42,
2022-11-25,,,,4.41,4.42,3.68,,,20.5,
2022-11-28,,,,4.41,4.46,3.69,,,22.21,
2022-11-29,,,,4.38,4.48,3.75,,,21.89,
2022-11-30,,,,4.37,4.38,3.68,,,20.58,
2022-12-01,298.808,,3.5,4.33,4.25,3.53,18134.6,4.1,19.84,62.3
2022-12-02,,,,4.34,4.28,3.51,,,19.06,
2022-12-05,,,,4.36,4.41,3.6,,,20.75,
2022-12-06,,,,4.37,4.34,3.51,,,22.17,
2022-12-07,,,,4.29,4.26,3.42,,,22.68,
2022-12-08,,,,4.28,4.31,3.48,,,22.29,
2022-12-09,,,,4.31,4.33,3.57,,,22.83,
2022-12-12,,,,4.38,4.39,3.61,,,25.0,
2022-12-13,,,,4.35,4.22,3.51,,,22.55,
2022-12-14,,,,4.33,4.23,3.49,,,21.14,
2022-12-15,,,,4.34,4.23,3.44,,,22.83,
2022-12-16,,,,4.31,4.17,3.48,,,22.62,
2022-12-19,,,,4.37,4.25,3.57,,,22.42,
2022-12-20,,,,4.35,4.25,3.69,,,21.48,
2022-12-21,,,,4.33,4.21,3.68,,,20.07,
2022-12-22,,,,4.35,4.24,3.67,,,21.97,
2022-12-23,,,,4.34,4.31,3.75,,,20.87,
2022-12-26,,,,,,,,,,
2022-12-27,,,,4.46,4.32,3.84,,,21.65,
2022-12-28,,,,4.46,4.31,3.88,,,22.14,
2022-12-29,,,,4.45,4.34,3.83,,,21.44,
2022-12-30,,,,4.42,4.41,3.88,,,21.67,
2023-01-02,,,,,,,,,,
2023-01-03,,,,4.53,4.4,3.79,,,22.9,
2023-01-04,,,,4.55,4.36,3.69,,,22.01,
2023-01-05,,,,4.66,4.45,3.71,,,22.46,
2023-01-06,,,,4.67,4.24,3.55,,,21.13,
2023-01-09,,,,4.7,4.19,3.53,,,21.97,
2023-01-10,,,,4.73,4.24,3.61,,,20.58,
2023-01-11,,,,4.72,4.2,3.54,,,21.09,
2023-01-12,,,,4.66,4.12,3.43,,,18.83,
2023-01-13,,,,4.67,4.22,3.49,,,18.35,
2023-01-16,,,,,,,,,19.49,
2023-01-17,,,,4.71,4.18,3.53,,,19.36,
2023-01-18,,,,4.69,4.06,3.37,,,20.34,
2023-01-19,,,,4.71,4.09,3.39,,,20.52,
2023-01-20,,,,4.72,4.14,3.48,,,19.85,
2023-01-23,,,,4.73,4.21,3.52,,,19.81,
2023-01-24,,,,4.72,4.12,3.46,,,19.2,
2023-01-25,,,,4.72,4.11,3.46,,,19.08,
2023-01-26,,,,4.71,4.17,3.49,,,18.73,
2023-01-27,,,,4.73,4.19,3.52,,,18.51,
2023-01-30,,,,4.72,4.25,3.55,,,19.94,
2023-01-31,,,,4.7,4.21,3.52,,,19.4,
2023-02-01,301.476,,3.6,4.66,4.09,3.39,18532.1,4.57,17.87,62.5
2023-02-02,,,,4.66,4.09,3.4,,,18.73,
2023-02-03,,,,4.7,4.3,3.53,,,18.33,
2023-02-06,,,,4.71,4.44,3.63,,,19.43,
2023-02-07,,,,4.71,4.47,3.67,,,18.66,
2023-02-08,,,,4.72,4.45,3.63,,,19.63,
2023-02-09,,,,4.77,4.48,3.67,,,20.71,
2023-02-10,,,,4.79,4.5,3.74,,,20.53,
2023-02-13,,,,4.81,4.52,3.72,,,20.34,
2023-02-14,,,,4.8,4.6,3.77,,,18.91,
2023-02-15,,,,4.79,4.62,3.81,,,18.23,
2023-02-16,,,,4.84,4.62,3.86,,,20.17,
2023-02-17,,,,4.84,4.6,3.82,,,20.02,
2023-02-20,,,,,,,,,21.23,
2023-02-21,,,,4.86,4.67,3.95,,,22.87,
2023-02-22,,,,4.84,4.66,3.93,,,22.29,
2023-02-23,,,,4.84,4.66,3.88,,,21.14,
2023-02-24,,,,4.86,4.78,3.95,,,21.67,
2023-02-27,,,,4.89,4.78,3.92,,,20.95,
2023-02-28,,,,4.88,4.81,3.92,,,20.7,
2023-03-01,301.643,,3.5,4.9,4.89,4.01,18511.3,4.65,20.58,62.6
2023-03-02,,,,4.91,4.89,4.08,,,19.59,
2023-03-03,,,,4.91,4.86,3.97,,,18.49,
2023-03-06,,,,4.93,4.89,3.98,,,18.61,
2023-03-07,,,,5.04,5.0,3.97,,,19.59,
2023-03-08,,,,5.06,5.05,3.98,,,19.11,
2023-03-09,,,,5.05,4.9,3.93,,,22.61,
2023-03-10,,,,5.01,4.6,3.7,,,24.8,
2023-03-13,,,,4.87,4.03,3.55,,,26.52,
2023-03-14,,,,4.88,4.2,3.64,,,23.73,
2023-03-15,,,,4.75,3.93,3.51,,,26.14,
2023-03-16,,,,4.74,4.14,3.56,,,22.99,
2023-03-17,,,,4.52,3.81,3.39,,,25.51,
2023-03-20,,,,4.81,3.92,3.47,,,24.15,
2023-03-21,,,,4.78,4.17,3.59,,,21.38,
2023-03-22,,,,4.79,3.96,3.48,,,22.26,
2023-03-23,,,,4.73,3.76,3.38,,,22.61,
2023-03-24,,,,4.74,3.76,3.38,,,21.74,
2023-03-27,,,,4.91,3.94,3.53,,,20.6,
2023-03-28,,,,4.8,4.02,3.55,,,19.97,
2023-03-29,,,,4.8,4.08,3.57,,,19.12,
2023-03-30,,,,4.97,4.1,3.55,,,19.02,
2023-03-31,,,,4.85,4.06,3.48,,,18.7,
2023-04-03,,,,4.9,3.97,3.43,,,18.55,
2023-04-04,,,,4.88,3.84,3.35,,,19.0,
2023-04-05,,,,4.86,3.79,3.3,,,19.08,
2023-04-06,,,,4.91,3.82,3.3,,,18.4,
2023-04-07,,,,4.95,3.97,3.39,,,,
2023-04-10,,,,5.08,4.0,3.41,,,18.97,
2023-04-11,,,,5.04,4.03,3.43,,,19.1,
2023-04-12,,,,5.02,3.95,3.41,,,19.09,
2023-04-13,,,,5.1,3.96,3.45,,,17.8,
2023-04-14,,,,5.14,4.08,3.52,,,17.07,
2023-04-17,,,,5.21,4.18,3.6,,,16.95,
2023-04-18,,,,5.2,4.19,3.58,,,16.83,
2023-04-19,,,,5.16,4.24,3.6,,,16.46,
2023-04-20,,,,5.12,4.14,3.54,,,17.17,
2023-04-21,,,,5.14,4.17,3.57,,,16.77,
2023-04-24,,,,5.2,4.12,3.52,,,16.89,
2023-04-25,,,,5.12,3.86,3.4,,,18.76,
2023-04-26,,,,5.16,3.9,3.43,,,18.84,
2023-04-27,,,,5.18,4.07,3.53,,,17.03,
2023-04-28,,,,5.1,4.04,3.44,,,15.78,
2023-05-01,303.316,,3.6,5.27,4.14,3.59,18676.4,5.06,16.08,62.6
2023-05-02,,,,5.24,3.97,3.44,,,17.78,
2023-05-03,,,,5.26,3.89,3.38,,,18.34,
2023-05-04,,,,5.26,3.75,3.37,,,20.09,
2023-05-05,,,,5.26,3.92,3.44,,,17.19,
2023-05-08,,,,5.31,4.0,3.52,,,16.98,
2023-05-09,,,,5.29,4.01,3.53,,,17.71,
2023-05-10,,,,5.24,3.9,3.43,,,16.94,
2023-05-11,,,,5.2,3.89,3.39,,,16.93,
2023-05-12,,,,5.25,3.98,3.46,,,17.03,
2023-05-15,,,,5.21,3.99,3.5,,,17.12,
2023-05-16,,,,5.23,4.06,3.54,,,17.99,
2023-05-17,,,,5.26,4.12,3.57,,,16.87,
2023-05-18,,,,5.31,4.24,3.65,,,16.05,
2023-05-19,,,,5.29,4.28,3.7,,,16.81,
2023-05-22,,,,5.4,4.29,3.72,,,17.21,
2023-05-23,,,,5.34,4.26,3.7,,,18.53,
2023-05-24,,,,5.37,4.31,3.73,,,20.03,
2023-05-25,,,,5.38,4.5,3.83,,,19.14,
2023-05-26,,,,5.34,4.54,3.8,,,17.95,
2023-05-29,,,,,,,,,17.46,
2023-05-30,,,,5.55,4.46,3.69,,,17.46,
2023-05-31,,,,5.52,4.4,3.64,,,17.94,
2023-06-01,304.099,,3.6,5.5,4.33,3.61,18742.1,5.08,15.65,62.6
2023-06-02,,,,5.5,4.5,3.69,,,14.6,
2023-06-05,,,,5.46,4.46,3.69,,,14.73,
2023-06-06,,,,5.44,4.51,3.7,,,13.96,
2023-06-07,,,,5.42,4.56,3.79,,,13.94,
2023-06-08,,,,5.38,4.52,3.73,,,13.65,
2023-06-09,,,,5.37,4.59,3.75,,,13.83,
2023-06-12,,,,5.4,4.55,3.73,,,15.01,
2023-06-13,,,,5.36,4.67,3.84,,,14.61,
2023-06-14,,,,5.36,4.74,3.83,,,13.88,
2023-06-15,,,,5.33,4.62,3.72,,,14.5,
2023-06-16,,,,5.34,4.7,3.77,,,13.54,
2023-06-19,,,,,,,,,14.19,
2023-06-20,,,,5.39,4.68,3.74,,,13.88,
2023-06-21,,,,5.4,4.68,3.72,,,13.2,
2023-06-22,,,,5.4,4.77,3.8,,,12.91,
2023-06-23,,,,5.41,4.71,3.74,,,13.44,
2023-06-26,,,,5.5,4.65,3.72,,,14.25,
2023-06-27,,,,5.44,4.74,3.77,,,13.74,
2023-06-28,,,,5.44,4.71,3.71,,,13.43,
2023-06-29,,,,5.46,4.87,3.85,,,13.54,
2023-06-30,,,,5.43,4.87,3.81,,,13.59,
2023-07-03,,,,5.44,4.94,3.86,,,13.57,
2023-07-04,,,,,,,,,13.7,
2023-07-05,,,,5.44,4.94,3.95,,,14.18,
2023-07-06,,,,5.46,4.99,4.05,,,15.44,
2023-07-07,,,,5.46,4.94,4.06,,,14.83,
2023-07-10,,,,5.48,4.85,4.01,,,15.07,
2023-07-11,,,,5.49,4.88,3.99,,,14.84,
2023-07-12,,,,5.47,4.72,3.86,,,13.54,
2023-07-13,,,,5.47,4.59,3.76,,,13.61,
2023-07-14,,,,5.49,4.74,3.83,,,13.34,
2023-07-17,,,,5.49,4.74,3.81,,,13.48,
2023-07-18,,,,5.49,4.74,3.8,,,13.3,
2023-07-19,,,,5.49,4.74,3.75,,,13.76,
2023-07-20,,,,5.49,4.8,3.85,,,13.99,
2023-07-21,,,,5.5,4.82,3.84,,,13.6,
2023-07-24,,,,5.51,4.81,3.86,,,13.91,
2023-07-25,,,,5.51,4.85,3.91,,,13.86,
2023-07-26,,,,5.51,4.82,3.86,,,13.19,
2023-07-27,,,,5.51,4.91,4.01,,,14.41,
2023-07-28,,,,5.52,4.87,3.96,,,13.33,
2023-07-31,,,,5.55,4.88,3.97,,,13.63,
2023-08-01,306.138,,3.7,5.54,4.92,4.05,18911.6,5.33,13.93,62.8
2023-08-02,,,,5.53,4.88,4.08,,,16.09,
2023-08-03,,,,5.54,4.9,4.2,,,15.92,
2023-08-04,,,,5.54,4.78,4.05,,,17.1,
2023-08-07,,,,5.56,4.76,4.09,,,15.77,
2023-08-08,,,,5.57,4.74,4.02,,,15.99,
2023-08-09,,,,5.55,4.79,4.0,,,15.96,
2023-08-10,,,,5.54,4.82,4.09,,,15.85,
2023-08-11,,,,5.54,4.89,4.16,,,14.84,
2023-08-14,,,,5.56,4.96,4.19,,,14.82,
2023-08-15,,,,5.56,4.92,4.21,,,16.46,
2023-08-16,,,,5.56,4.97,4.28,,,16.78,
2023-08-17,,,,5.56,4.94,4.3,,,17.89,
2023-08-18,,,,5.55,4.92,4.26,,,17.3,
2023-08-21,,,,5.57,4.97,4.34,,,17.13,
2023-08-22,,,,5.57,5.02,4.34,,,16.97,
2023-08-23,,,,5.57,4.95,4.19,,,15.98,
2023-08-24,,,,5.58,4.98,4.23,,,17.2,
2023-08-25,,,,5.61,5.03,4.25,,,15.68,
2023-08-28,,,,5.58,4.98,4.2,,,15.08,
2023-08-29,,,,5.56,4.87,4.12,,,14.45,
2023-08-30,,,,5.56,4.9,4.12,,,13.88,
2023-08-31,,,,5.56,4.85,4.09,,,13.57,
2023-09-01,307.374,,3.8,5.53,4.87,4.18,19024.9,5.33,13.09,62.7
2023-09-04,,,,,,,,,13.82,
2023-09-05,,,,5.55,4.94,4.27,,,14.01,
2023-09-06,,,,5.55,5.01,4.3,,,14.45,
2023-09-07,,,,5.53,4.94,4.27,,,14.4,
2023-09-08,,,,5.55,4.98,4.26,,,13.84,
2023-09-11,,,,5.55,4.97,4.29,,,13.8,
2023-09-12,,,,5.56,4.98,4.27,,,14.23,
2023-09-13,,,,5.55,4.96,4.25,,,13.48,
2023-09-14,,,,5.55,5.0,4.29,,,12.82,
2023-09-15,,,,5.56,5.02,4.33,,,13.79,
2023-09-18,,,,5.55,5.05,4.32,,,14.0,
2023-09-19,,,,5.54,5.08,4.37,,,14.11,
2023-09-20,,,,5.56,5.12,4.35,,,15.14,
2023-09-21,,,,5.57,5.12,4.49,,,17.54,
2023-09-22,,,,5.56,5.1,4.44,,,17.2,
2023-09-25,,,,5.58,5.09,4.55,,,16.9,
2023-09-26,,,,5.58,5.04,4.56,,,18.94,
2023-09-27,,,,5.58,5.1,4.61,,,18.22,
2023-09-28,,,,5.56,5.04,4.59,,,17.34,
2023-09-29,,,,5.55,5.03,4.59,,,17.52,
2023-10-02,,,,5.62,5.12,4.69,,,17.61,
2023-10-03,,,,5.62,5.15,4.81,,,19.78,
2023-10-04,,,,5.61,5.05,4.73,,,18.58,
2023-10-05,,,,5.61,5.03,4.72,,,18.49,
2023-10-06,,,,5.63,5.08,4.78,,,17.45,
2023-10-09,,,,,,,,,17.7,
2023-10-10,,,,5.61,4.96,4.66,,,17.03,
2023-10-11,,,,5.61,4.99,4.58,,,16.09,
2023-10-12,,,,5.63,5.06,4.7,,,16.69,
2023-10-13,,,,5.62,5.04,4.63,,,19.32,
2023-10-16,,,,5.61,5.09,4.71,,,17.21,
2023-10-17,,,,5.62,5.19,4.83,,,17.88,
2023-10-18,,,,5.61,5.19,4.91,,,19.22,
2023-10-19,,,,5.6,5.14,4.98,,,21.4,
2023-10-20,,,,5.58,5.07,4.93,,,21.71,
2023-10-23,,,,5.58,5.05,4.86,,,20.37,
2023-10-24,,,,5.58,5.02,4.83,,,18.97,
2023-10-25,,,,5.59,5.08,4.95,,,20.19,
2023-10-26,,,,5.59,5.02,4.86,,,20.68,
2023-10-27,,,,5.59,4.99,4.84,,,21.27,
2023-10-30,,,,5.6,5.03,4.88,,,19.75,
2023-10-31,,,,5.59,5.07,4.88,,,18.14,
2023-11-01,308.087,,3.7,5.57,4.95,4.77,19151.0,5.33,16.87,62.8
2023-11-02,,,,5.54,4.98,4.67,,,15.66,
2023-11-03,,,,5.53,4.83,4.57,,,14.91,
2023-11-06,,,,5.56,4.93,4.67,,,14.89,
2023-11-07,,,,5.55,4.91,4.58,,,14.81,
2023-11-08,,,,5.54,4.93,4.49,,,14.45,
2023-11-09,,,,5.54,5.03,4.62,,,15.29,
2023-11-10,,,,5.53,5.04,4.61,,,14.17,
2023-11-13,,,,5.55,5.02,4.63,,,14.76,
2023-11-14,,,,5.52,4.8,4.44,,,14.16,
2023-11-15,,,,5.53,4.9,4.53,,,14.18,
2023-11-16,,,,5.51,4.83,4.45,,,14.32,
2023-11-17,,,,5.5,4.88,4.44,,,13.8,
2023-11-20,,,,5.54,4.89,4.42,,,13.41,
2023-11-21,,,,5.53,4.86,4.41,,,13.35,
2023-11-22,,,,5.54,4.89,4.42,,,12.85,
2023-11-23,,,,,,,,,12.8,
2023-11-24,,,,5.54,4.92,4.47,,,12.46,
2023-11-27,,,,5.49,4.84,4.39,,,12.69,
2023-11-28,,,,5.47,4.73,4.34,,,12.69,
2023-11-29,,,,5.45,4.64,4.27,,,12.98,
2023-11-30,,,,5.45,4.73,4.37,,,12.92,
2023-12-01,308.735,,3.8,5.43,4.56,4.22,19289.9,5.33,12.63,62.5
2023-12-04,,,,5.46,4.64,4.28,,,13.08,
2023-12-05,,,,5.45,4.57,4.18,,,12.85,
2023-12-06,,,,5.45,4.6,4.12,,,12.97,
2023-12-07,,,,5.44,4.58,4.14,,,13.06,
2023-12-08,,,,5.44,4.71,4.23,,,12.35,
2023-12-11,,,,5.47,4.71,4.23,,,12.63,
2023-12-12,,,,5.46,4.73,4.2,,,12.07,
2023-12-13,,,,5.44,4.46,4.04,,,12.19,
2023-12-14,,,,5.43,4.37,3.92,,,12.48,
2023-12-15,,,,5.44,4.44,3.91,,,12.28,
2023-12-18,,,,5.46,4.43,3.95,,,12.56,
2023-12-19,,,,5.43,4.41,3.93,,,12.53,
2023-12-20,,,,5.44,4.34,3.86,,,13.67,
2023-12-21,,,,5.42,4.33,3.89,,,13.65,
2023-12-22,,,,5.44,4.31,3.9,,,13.03,
2023-12-25,,,,,,,,,,
2023-12-26,,,,5.45,4.26,3.89,,,12.99,
2023-12-27,,,,5.44,4.2,3.79,,,12.43,
2023-12-28,,,,5.45,4.26,3.84,,,12.47,
2023-12-29,,,,5.4,4.23,3.88,,,12.45,
2024-01-01,309.794,23053.545,3.7,,,,19308.5,5.33,,62.5
2024-01-02,,,,5.46,4.33,3.95,,,13.2,
2024-01-03,,,,5.48,4.33,3.91,,,14.04,
2024-01-04,,,,5.48,4.38,3.99,,,14.13,
2024-01-05,,,,5.47,4.4,4.05,,,13.35,
2024-01-08,,,,5.49,4.36,4.01,,,13.08,
2024-01-09,,,,5.47,4.36,4.02,,,12.76,
2024-01-10,,,,5.46,4.37,4.04,,,12.69,
2024-01-11,,,,5.46,4.26,3.98,,,12.44,
2024-01-12,,,,5.45,4.14,3.96,,,12.7,
2024-01-15,,,,,,,,,13.25,
2024-01-16,,,,5.45,4.22,4.07,,,13.84,
2024-01-17,,,,5.47,4.34,4.1,,,14.79,
2024-01-18,,,,5.45,4.34,4.14,,,14.13,
2024-01-19,,,,5.45,4.39,4.15,,,13.3,
2024-01-22,,,,5.46,4.37,4.11,,,13.19,
2024-01-23,,,,5.45,4.31,4.14,,,12.55,
2024-01-24,,,,5.44,4.34,4.18,,,13.14,
2024-01-25,,,,5.44,4.28,4.14,,,13.45,
2024-01-26,,,,5.44,4.34,4.15,,,13.26,
2024-01-29,,,,5.42,4.29,4.08,,,13.6,
2024-01-30,,,,5.42,4.36,4.06,,,13.31,
2024-01-31,,,,5.42,4.27,3.99,,,14.35,
2024-02-01,311.022,,3.9,5.42,4.2,3.87,19412.7,5.33,13.88,62.6
2024-02-02,,,,5.43,4.36,4.03,,,13.85,
2024-02-05,,,,5.42,4.46,4.17,,,13.67,
2024-02-06,,,,5.44,4.39,4.09,,,13.06,
2024-02-07,,,,5.43,4.41,4.09,,,12.83,
2024-02-08,,,,5.44,4.46,4.15,,,12.79,
2024-02-09,,,,5.44,4.48,4.17,,,12.93,
2024-02-12,,,,5.43,4.46,4.17,,,13.93,
2024-02-13,,,,5.45,4.64,4.31,,,15.85,
2024-02-14,,,,5.43,4.56,4.27,,,14.38,
2024-02-15,,,,5.43,4.56,4.24,,,14.01,
2024-02-16,,,,5.44,4.64,4.3,,,14.24,
2024-02-19,,,,,,,,,14.71,
2024-02-20,,,,5.44,4.59,4.27,,,15.42,
2024-02-21,,,,5.44,4.64,4.32,,,15.34,
2024-02-22,,,,5.45,4.69,4.33,,,14.54,
2024-02-23,,,,5.46,4.67,4.26,,,13.75,
2024-02-26,,,,5.47,4.69,4.28,,,13.74,
2024-02-27,,,,5.45,4.7,4.31,,,13.43,
2024-02-28,,,,5.45,4.64,4.27,,,13.84,
2024-02-29,,,,5.45,4.64,4.25,,,13.4,
2024-03-01,312.107,,3.9,5.42,4.54,4.19,19553.2,5.33,13.11,62.7
2024-03-04,,,,5.48,4.61,4.22,,,13.49,
2024-03-05,,,,5.47,4.54,4.13,,,14.46,
2024-03-06,,,,5.47,4.55,4.11,,,14.5,
2024-03-07,,,,5.47,4.5,4.09,,,14.44,
2024-03-08,,,,5.46,4.48,4.09,,,14.74,
2024-03-11,,,,5.48,4.51,4.1,,,15.22,
2024-03-12,,,,5.48,4.58,4.16,,,13.84,
2024-03-13,,,,5.48,4.61,4.19,,,13.75,
2024-03-14,,,,5.48,4.68,4.29,,,14.4,
2024-03-15,,,,5.48,4.72,4.31,,,14.41,
2024-03-18,,,,5.48,4.73,4.34,,,14.33,
2024-03-19,,,,5.48,4.68,4.3,,,13.82,
2024-03-20,,,,5.47,4.59,4.27,,,13.04,
2024-03-21,,,,5.48,4.62,4.27,,,12.92,
2024-03-22,,,,5.46,4.59,4.22,,,13.06,
2024-03-25,,,,5.46,4.54,4.25,,,13.19,
2024-03-26,,,,5.46,4.56,4.24,,,13.24,
2024-03-27,,,,5.45,4.54,4.2,,,12.78,
2024-03-28,,,,5.46,4.59,4.2,,,13.01,
2024-03-29,,,,,,,,,,
2024-04-01,313.016,23223.906,3.9,5.44,4.72,4.33,19603.3,5.33,13.65,62.7
2024-04-02,,,,5.42,4.7,4.36,,,14.61,
2024-04-03,,,,5.42,4.68,4.36,,,14.33,
2024-04-04,,,,5.41,4.65,4.31,,,16.35,
2024-04-05,,,,5.43,4.73,4.39,,,16.03,
2024-04-08,,,,5.43,4.78,4.42,,,15.19,
2024-04-09,,,,5.43,4.74,4.36,,,14.98,
2024-04-10,,,,5.45,4.97,4.55,,,15.8,
2024-04-11,,,,5.45,4.93,4.56,,,14.91,
2024-04-12,,,,5.45,4.88,4.5,,,17.31,
2024-04-15,,,,5.45,4.93,4.63,,,19.23,
2024-04-16,,,,5.45,4.97,4.67,,,18.4,
2024-04-17,,,,5.45,4.93,4.59,,,18.21,
2024-04-18,,,,5.46,4.98,4.64,,,18.0,
2024-04-19,,,,5.45,4.97,4.62,,,18.71,
2024-04-22,,,,5.42,4.97,4.62,,,16.94,
2024-04-23,,,,5.45,4.86,4.61,,,15.69,
2024-04-24,,,,5.46,4.89,4.65,,,15.97,
2024-04-25,,,,5.47,4.96,4.7,,,15.37,
2024-04-26,,,,5.46,4.96,4.67,,,15.03,
2024-04-29,,,,5.45,4.97,4.63,,,14.67,
2024-04-30,,,,5.46,5.04,4.69,,,15.65,
2024-05-01,313.14,,4.0,5.46,4.96,4.63,19697.3,5.33,15.39,62.6
2024-05-02,,,,5.46,4.87,4.58,,,14.68,
2024-05-03,,,,5.45,4.81,4.5,,,13.49,
2024-05-06,,,,5.45,4.82,4.49,,,13.49,
2024-05-07,,,,5.45,4.82,4.47,,,13.23,
2024-05-08,,,,5.45,4.84,4.48,,,13.0,
2024-05-09,,,,5.46,4.8,4.45,,,12.69,
2024-05-10,,,,5.47,4.87,4.5,,,12.55,
2024-05-13,,,,5.45,4.85,4.48,,,13.6,
2024-05-14,,,,5.44,4.81,4.45,,,13.42,
2024-05-15,,,,5.45,4.73,4.36,,,12.45,
2024-05-16,,,,5.45,4.78,4.38,,,12.42,
2024-05-17,,,,5.46,4.83,4.42,,,11.99,
2024-05-20,,,,5.45,4.82,4.44,,,12.15,
2024-05-21,,,,5.45,4.82,4.41,,,11.86,
2024-05-22,,,,5.45,4.86,4.43,,,12.29,
2024-05-23,,,,5.46,4.91,4.47,,,12.77,
2024-05-24,,,,5.46,4.93,4.46,,,11.93,
2024-05-27,,,,,,,,,12.36,
2024-05-28,,,,5.46,4.94,4.54,,,12.92,
2024-05-29,,,,5.46,4.96,4.61,,,14.28,
2024-05-30,,,,5.46,4.92,4.55,,,14.47,
2024-05-31,,,,5.46,4.89,4.51,,,12.92,
2024-06-03,,,,5.52,4.82,4.41,,,13.11,
2024-06-04,,,,5.52,4.77,4.33,,,13.16,
2024-06-05,,,,5.51,4.72,4.29,,,12.63,
2024-06-06,,,,5.51,4.72,4.28,,,12.58,
2024-06-07,,,,5.52,4.87,4.43,,,12.22,
2024-06-10,,,,5.52,4.87,4.47,,,12.74,
2024-06-11,,,,5.52,4.81,4.39,,,12.85,
2024-06-12,,,,5.51,4.75,4.31,,,12.04,
2024-06-13,,,,5.51,4.68,4.24,,,11.94,
2024-06-14,,,,5.51,4.67,4.2,,,12.66,
2024-06-17,,,,5.52,4.75,4.28,,,12.75,
2024-06-18,,,,5.5,4.69,4.22,,,12.3,
2024-06-19,,,,,,,,,12.48,
2024-06-20,,,,5.5,4.7,4.25,,,13.28,
2024-06-21,,,,5.49,4.7,4.25,,,13.2,
2024-06-24,,,,5.5,4.71,4.25,,,13.33,
2024-06-25,,,,5.49,4.65,4.23,,,12.84,
2024-06-26,,,,5.5,4.71,4.32,,,12.55,
2024-06-27,,,,5.49,4.7,4.29,,,12.24,
2024-06-28,,,,5.48,4.71,4.36,,,12.44,
2024-07-01,313.566,23400.294,4.2,5.47,4.77,4.48,19866.3,5.33,12.22,62.7
2024-07-02,,,,5.47,4.74,4.43,,,12.03,
2024-07-03,,,,5.47,4.71,4.36,,,12.09,
2024-07-04,,,,,,,,,12.26,
2024-07-05,,,,5.46,4.6,4.28,,,12.48,
2024-07-08,,,,5.46,4.62,4.28,,,12.37,
2024-07-09,,,,5.46,4.62,4.3,,,12.51,
2024-07-10,,,,5.46,4.62,4.28,,,12.85,
2024-07-11,,,,5.44,4.5,4.2,,,12.92,
2024-07-12,,,,5.43,4.45,4.18,,,12.46,
2024-07-15,,,,5.43,4.44,4.23,,,13.12,
2024-07-16,,,,5.43,4.43,4.17,,,13.19,
2024-07-17,,,,5.43,4.42,4.16,,,14.48,
2024-07-18,,,,5.43,4.46,4.2,,,15.93,
2024-07-19,,,,5.43,4.49,4.25,,,16.52,
2024-07-22,,,,5.43,4.5,4.26,,,14.91,
2024-07-23,,,,5.41,4.4,4.25,,,14.72,
2024-07-24,,,,5.4,4.37,4.28,,,18.04,
2024-07-25,,,,5.39,4.41,4.27,,,18.46,
2024-07-26,,,,5.38,4.36,4.2,,,16.39,
2024-07-29,,,,5.41,4.36,4.17,,,16.6,
2024-07-30,,,,5.4,4.35,4.15,,,17.69,
2024-07-31,,,,5.41,4.29,4.09,,,16.36,
2024-08-01,314.131,,4.2,5.37,4.16,3.99,19905.0,5.33,18.59,62.7
2024-08-02,,,,5.29,3.88,3.8,,,23.39,
2024-08-05,,,,5.35,3.89,3.78,,,38.57,
2024-08-06,,,,5.34,3.99,3.9,,,27.71,
2024-08-07,,,,5.34,4.0,3.96,,,27.85,
2024-08-08,,,,5.34,4.04,3.99,,,23.79,
2024-08-09,,,,5.33,4.05,3.94,,,20.37,
2024-08-12,,,,5.33,4.01,3.9,,,20.71,
2024-08-13,,,,5.32,3.93,3.85,,,18.12,
2024-08-14,,,,5.32,3.94,3.83,,,16.19,
2024-08-15,,,,5.34,4.08,3.92,,,15.23,
2024-08-16,,,,5.33,4.06,3.89,,,14.8,
2024-08-19,,,,5.31,4.06,3.86,,,14.65,
2024-08-20,,,,5.29,3.99,3.82,,,15.88,
2024-08-21,,,,5.26,3.92,3.79,,,16.27,
2024-08-22,,,,5.28,3.99,3.86,,,17.55,
2024-08-23,,,,5.25,3.9,3.81,,,15.86,
2024-08-26,,,,5.24,3.91,3.82,,,16.15,
2024-08-27,,,,5.23,3.83,3.83,,,15.43,
2024-08-28,,,,5.21,3.83,3.84,,,17.11,
2024-08-29,,,,5.22,3.87,3.87,,,15.65,
2024-08-30,,,,5.21,3.91,3.91,,,15.0,
2024-09-02,,,,,,,,,15.55,
2024-09-03,,,,5.19,3.88,3.84,,,20.72,
2024-09-04,,,,5.18,3.76,3.77,,,21.32,
2024-09-05,,,,5.15,3.75,3.73,,,19.9,
2024-09-06,,,,5.13,3.66,3.72,,,22.38,
2024-09-09,,,,5.11,3.68,3.7,,,19.45,
2024-09-10,,,,5.06,3.59,3.65,,,19.08,
2024-09-11,,,,5.1,3.62,3.65,,,17.69,
2024-09-12,,,,5.06,3.64,3.68,,,17.07,
2024-09-13,,,,4.97,3.57,3.66,,,16.56,
2024-09-16,,,,4.96,3.56,3.63,,,17.14,
2024-09-17,,,,4.95,3.59,3.65,,,17.61,
2024-09-18,,,,4.84,3.61,3.7,,,18.23,
2024-09-19,,,,4.8,3.59,3.73,,,16.33,
2024-09-20,,,,4.75,3.55,3.73,,,16.15,
2024-09-23,,,,4.72,3.57,3.75,,,15.89,
2024-09-24,,,,4.69,3.49,3.74,,,15.39,
2024-09-25,,,,4.69,3.53,3.79,,,15.41,
2024-09-26,,,,4.68,3.6,3.79,,,15.37,
2024-09-27,,,,4.68,3.55,3.75,,,16.96,
2024-09-30,,,,4.73,3.66,3.81,,,16.73,
2024-10-01,315.564,23542.349,4.1,4.71,3.61,3.74,20123.2,4.83,19.26,62.5
2024-10-02,,,,4.69,3.63,3.79,,,18.9,
2024-10-03,,,,4.68,3.7,3.85,,,20.49,
2024-10-04,,,,4.73,3.93,3.98,,,19.21,
2024-10-07,,,,4.77,3.99,4.03,,,22.64,
2024-10-08,,,,4.75,3.98,4.04,,,21.42,
2024-10-09,,,,4.75,3.99,4.06,,,20.86,
2024-10-10,,,,4.75,3.98,4.09,,,20.93,
2024-10-11,,,,4.73,3.95,4.08,,,20.46,
2024-10-14,,,,,,,,,19.7,
2024-10-15,,,,4.73,3.95,4.03,,,20.64,
2024-10-16,,,,4.72,3.93,4.02,,,19.58,
2024-10-17,,,,4.74,3.96,4.09,,,19.11,
2024-10-18,,,,4.73,3.95,4.08,,,18.03,
2024-10-21,,,,4.73,4.02,4.19,,,18.37,
2024-10-22,,,,4.72,4.03,4.2,,,18.2,
2024-10-23,,,,4.73,4.07,4.24,,,19.24,
2024-10-24,,,,4.7,4.07,4.21,,,19.08,
2024-10-25,,,,4.73,4.11,4.25,,,20.33,
2024-10-28,,,,4.7,4.12,4.28,,,19.8,
2024-10-29,,,,4.7,4.11,4.28,,,19.34,
2024-10-30,,,,4.67,4.15,4.29,,,20.35,
2024-10-31,,,,4.64,4.16,4.28,,,23.16,
2024-11-01,316.449,,4.2,4.61,4.21,4.37,20235.1,4.64,21.88,62.5
2024-11-04,,,,4.65,4.17,4.31,,,21.98,
2024-11-05,,,,4.64,4.19,4.26,,,20.49,
2024-11-06,,,,4.64,4.27,4.42,,,16.27,
2024-11-07,,,,4.63,4.21,4.31,,,15.2,
2024-11-08,,,,4.63,4.26,4.3,,,14.94,
2024-11-11,,,,,,,,,14.97,
2024-11-12,,,,4.63,4.34,4.43,,,14.71,
2024-11-13,,,,4.6,4.27,4.44,,,14.02,
2024-11-14,,,,4.61,4.34,4.43,,,14.31,
2024-11-15,,,,4.6,4.31,4.43,,,16.14,
2024-11-18,,,,4.63,4.29,4.42,,,15.58,
2024-11-19,,,,4.62,4.27,4.39,,,16.35,
2024-11-20,,,,4.62,4.31,4.41,,,17.16,
2024-11-21,,,,4.63,4.34,4.43,,,16.87,
2024-11-22,,,,4.63,4.37,4.41,,,15.24,
2024-11-25,,,,4.62,4.21,4.27,,,14.6,
2024-11-26,,,,4.61,4.21,4.3,,,14.1,
2024-11-27,,,,4.6,4.19,4.25,,,14.1,
2024-11-28,,,,,,,,,13.9,
2024-11-29,,,,4.58,4.13,4.18,,,13.51,
2024-12-02,,,,4.51,4.17,4.19,,,13.34,
2024-12-03,,,,4.49,4.17,4.23,,,13.3,
2024-12-04,,,,4.47,4.13,4.19,,,13.45,
2024-12-05,,,,4.46,4.15,4.17,,,13.54,
2024-12-06,,,,4.42,4.1,4.15,,,12.77,
2024-12-09,,,,4.42,4.13,4.2,,,14.19,
2024-12-10,,,,4.41,4.15,4.22,,,14.18,
2024-12-11,,,,4.38,4.15,4.26,,,13.58,
2024-12-12,,,,4.35,4.18,4.32,,,13.92,
2024-12-13,,,,4.34,4.25,4.4,,,13.81,
2024-12-16,,,,4.37,4.25,4.39,,,14.69,
2024-12-17,,,,4.38,4.25,4.4,,,15.87,
2024-12-18,,,,4.36,4.35,4.5,,,27.62,
2024-12-19,,,,4.35,4.32,4.57,,,24.09,
2024-12-20,,,,4.34,4.3,4.52,,,18.36,
2024-12-23,,,,4.36,4.3,4.59,,,16.78,
2024-12-24,,,,4.4,4.29,4.59,,,14.27,
2024-12-25,,,,,,,,,,
2024-12-26,,,,4.35,4.3,4.58,,,14.73,
2024-12-27,,,,4.31,4.31,4.62,,,15.95,
2024-12-30,,,,4.37,4.24,4.55,,,17.4,
2024-12-31,,,,4.37,4.25,4.58,,,17.35,
2025-01-01,319.086,23512.717,4.0,,,,20370.0,4.33,,62.6
2025-01-02,,,,4.36,4.25,4.57,,,17.93,
2025-01-03,,,,4.34,4.28,4.6,,,16.13,
2025-01-06,,,,4.35,4.28,4.62,,,16.04,
2025-01-07,,,,4.35,4.3,4.67,,,17.82,
2025-01-08,,,,4.35,4.28,4.67,,,17.7,
2025-01-09,,,,4.35,4.27,4.68,,,18.07,
2025-01-10,,,,4.36,4.4,4.77,,,19.54,
2025-01-13,,,,4.37,4.4,4.79,,,19.19,
2025-01-14,,,,4.36,4.37,4.78,,,18.71,
2025-01-15,,,,4.35,4.27,4.66,,,16.12,
2025-01-16,,,,4.34,4.23,4.61,,,16.6,
2025-01-17,,,,4.34,4.27,4.61,,,15.97,
2025-01-20,,,,,,,,,15.81,
2025-01-21,,,,4.36,4.29,4.57,,,15.06,
2025-01-22,,,,4.36,4.29,4.6,,,15.1,
2025-01-23,,,,4.36,4.29,4.65,,,15.02,
2025-01-24,,,,4.35,4.27,4.63,,,14.85,
2025-01-27,,,,4.32,4.17,4.53,,,17.9,
2025-01-28,,,,4.31,4.19,4.55,,,16.41,
2025-01-29,,,,4.31,4.21,4.55,,,16.56,
2025-01-30,,,,4.3,4.18,4.52,,,15.84,
2025-01-31,,,,4.31,4.22,4.58,,,16.43,
2025-02-03,,,,4.34,4.26,4.54,,,18.62,
2025-02-04,,,,4.33,4.21,4.52,,,17.21,
2025-02-05,,,,4.33,4.17,4.43,,,15.77,
2025-02-06,,,,4.34,4.21,4.45,,,15.5,
2025-02-07,,,,4.35,4.29,4.49,,,16.54,
2025-02-10,,,,4.35,4.28,4.51,,,15.81,
2025-02-11,,,,4.35,4.29,4.54,,,16.02,
2025-02-12,,,,4.35,4.36,4.62,,,15.89,
2025-02-13,,,,4.34,4.31,4.52,,,15.1,
2025-02-14,,,,4.34,4.26,4.47,,,14.77,
2025-02-17,,,,,,,,,15.37,
2025-02-18,,,,4.34,4.29,4.55,,,15.35,
2025-02-19,,,,4.34,4.28,4.53,,,15.27,
2025-02-20,,,,4.33,4.28,4.5,,,15.66,
2025-02-21,,,,4.32,4.19,4.42,,,18.21,
2025-02-24,,,,4.31,4.13,4.4,,,18.98,
2025-02-25,,,,4.3,4.07,4.3,,,19.43,
2025-02-26,,,,4.31,4.05,4.25,,,19.1,
2025-02-27,,,,4.32,4.07,4.29,,,21.13,
2025-02-28,,,,4.32,3.99,4.24,,,19.63,
2025-03-03,,,,4.35,3.96,4.16,,,22.78,
2025-03-04,,,,4.34,3.96,4.22,,,23.51,
2025-03-05,,,,4.35,3.99,4.28,,,21.93,
2025-03-06,,,,4.34,3.96,4.29,,,24.87,
2025-03-07,,,,4.34,3.99,4.32,,,23.37,
2025-03-10,,,,4.33,3.89,4.22,,,27.86,
2025-03-11,,,,4.34,3.94,4.28,,,26.92,
2025-03-12,,,,4.35,4.01,4.32,,,24.23,
2025-03-13,,,,4.34,3.94,4.27,,,24.66,
2025-03-14,,,,4.33,4.02,4.31,,,21.77,
2025-03-17,,,,4.34,4.06,4.31,,,20.51,
2025-03-18,,,,4.34,4.04,4.29,,,21.7,
2025-03-19,,,,4.33,3.99,4.25,,,19.9,
2025-03-20,,,,4.33,3.95,4.24,,,19.8,
2025-03-21,,,,4.33,3.94,4.25,,,19.28,
2025-03-24,,,,4.33,4.04,4.34,,,17.48,
2025-03-25,,,,4.33,3.96,4.31,,,17.15,
2025-03-26,,,,4.33,3.98,4.35,,,18.33,
2025-03-27,,,,4.33,3.97,4.38,,,18.69,
2025-03-28,,,,4.33,3.89,4.27,,,21.65,
2025-03-31,,,,4.32,3.89,4.23,,,22.28,
2025-04-01,320.321,23685.287,4.2,4.32,3.87,4.17,20622.3,4.33,21.77,62.6
2025-04-02,,,,4.32,3.91,4.2,,,21.51,
2025-04-03,,,,4.31,3.71,4.06,,,30.02,
2025-04-04,,,,4.28,3.68,4.01,,,45.31,
2025-04-07,,,,4.29,3.73,4.15,,,46.98,
2025-04-08,,,,4.31,3.71,4.26,,,52.33,
2025-04-09,,,,4.35,3.91,4.34,,,33.62,
2025-04-10,,,,4.34,3.84,4.4,,,40.72,
2025-04-11,,,,4.34,3.96,4.48,,,37.56,
2025-04-14,,,,4.33,3.84,4.38,,,30.89,
2025-04-15,,,,4.33,3.84,4.35,,,30.12,
2025-04-16,,,,4.33,3.77,4.29,,,32.64,
2025-04-17,,,,4.34,3.81,4.34,,,29.65,
2025-04-18,,,,,,,,,,
2025-04-21,,,,4.34,3.75,4.42,,,33.82,
2025-04-22,,,,4.33,3.76,4.41,,,30.57,
2025-04-23,,,,4.33,3.81,4.4,,,28.45,
2025-04-24,,,,4.32,3.77,4.32,,,26.47,
2025-04-25,,,,4.32,3.74,4.29,,,24.84,
2025-04-28,,,,4.32,3.67,4.23,,,25.15,
2025-04-29,,,,4.31,3.65,4.19,,,24.17,
2025-04-30,,,,4.31,3.6,4.17,,,24.7,
2025-05-01,320.58,,4.2,4.31,3.7,4.25,20615.2,4.33,24.6,62.4
2025-05-02,,,,4.33,3.83,4.33,,,22.68,
2025-05-05,,,,4.33,3.83,4.36,,,23.64,
2025-05-06,,,,4.33,3.78,4.3,,,24.76,
2025-05-07,,,,4.34,3.78,4.26,,,23.55,
2025-05-08,,,,4.34,3.9,4.37,,,22.48,
2025-05-09,,,,4.34,3.88,4.37,,,21.9,
2025-05-12,,,,4.42,3.98,4.45,,,18.39,
2025-05-13,,,,4.41,4.02,4.49,,,18.22,
2025-05-14,,,,4.41,4.05,4.53,,,18.62,
2025-05-15,,,,4.38,3.96,4.45,,,17.83,
2025-05-16,,,,4.37,3.98,4.43,,,17.24,
2025-05-19,,,,4.39,3.97,4.46,,,18.14,
2025-05-20,,,,4.38,3.97,4.48,,,18.09,
2025-05-21,,,,4.36,4.0,4.58,,,20.87,
2025-05-22,,,,4.37,4.0,4.54,,,20.28,
2025-05-23,,,,4.36,4.0,4.51,,,22.29,
2025-05-26,,,,,,,,,20.57,
2025-05-27,,,,4.35,3.92,4.43,,,18.96,
2025-05-28,,,,4.35,3.96,4.47,,,19.31,
2025-05-29,,,,4.36,3.92,4.43,,,19.18,
2025-05-30,,,,4.36,3.89,4.41,,,18.57,
2025-06-02,,,,4.44,3.94,4.46,,,18.36,
2025-06-03,,,,4.43,3.96,4.46,,,17.69,
2025-06-04,,,,4.44,3.87,4.37,,,17.61,
2025-06-05,,,,4.44,3.92,4.4,,,18.48,
2025-06-06,,,,4.43,4.04,4.51,,,16.77,
2025-06-09,,,,4.44,4.01,4.49,,,17.16,
2025-06-10,,,,4.45,4.01,4.47,,,16.95,
2025-06-11,,,,4.45,3.94,4.41,,,17.26,
2025-06-12,,,,4.46,3.9,4.36,,,18.02,
2025-06-13,,,,4.45,3.96,4.41,,,20.82,
2025-06-16,,,,4.43,3.97,4.46,,,19.11,
2025-06-17,,,,4.42,3.94,4.39,,,21.6,
2025-06-18,,,,4.42,3.94,4.38,,,20.14,
2025-06-19,,,,,,,,,22.17,
2025-06-20,,,,4.39,3.9,4.38,,,20.62,
2025-06-23,,,,4.38,3.84,4.34,,,19.83,
2025-06-24,,,,4.38,3.75,4.3,,,17.48,
2025-06-25,,,,4.38,3.74,4.29,,,16.76,
2025-06-26,,,,4.39,3.7,4.26,,,16.59,
2025-06-27,,,,4.39,3.73,4.29,,,16.32,
2025-06-30,,,,4.41,3.72,4.24,,,16.73,
2025-07-01,322.132,,4.2,4.4,3.78,4.26,,4.33,16.83,62.2
2025-07-02,,,,4.41,3.78,4.3,,,16.64,
2025-07-03,,,,4.42,3.88,4.35,,,16.38,
2025-07-04,,,,,,,,,17.48,
2025-07-07,,,,4.42,3.9,4.4,,,17.79,
2025-07-08,,,,4.42,3.9,4.42,,,16.81,
2025-07-09,,,,4.42,3.86,4.34,,,15.94,
2025-07-10,,,,4.42,3.86,4.35,,,15.78,
2025-07-11,,,,4.41,3.9,4.43,,,16.4,
2025-07-14,,,,4.42,3.9,4.43,,,17.2,
2025-07-15,,,,4.42,3.95,4.5,,,17.38,
2025-07-16,,,,4.41,3.88,4.46,,,17.16,
2025-07-17,,,,4.41,3.91,4.47,,,16.52,
2025-07-18,,,,4.4,3.88,4.44,,,16.41,
2025-07-21,,,,4.41,3.85,4.38,,,16.65,
2025-07-22,,,,4.41,3.83,4.35,,,16.5,
2025-07-23,,,,4.41,3.88,4.4,,,15.37,
2025-07-24,,,,4.42,3.91,4.43,,,15.39,
2025-07-25,,,,4.42,3.91,4.4,,,14.93,
2025-07-28,,,,4.4,3.91,4.42,,,15.03,
2025-07-29,,,,4.4,3.86,4.34,,,15.98,
2025-07-30,,,,4.41,3.94,4.38,,,15.48,
2025-07-31,,,,4.41,3.94,4.37,,,16.72,
2025-08-01,,,,4.35,3.69,4.23,,,20.38,
2025-08-04,,,,4.35,3.69,4.22,,,17.52,
2025-08-05,,,,4.34,3.72,4.22,,,17.85,
2025-08-06,,,,4.32,3.69,4.22,,,16.77,
2025-08-07,,,,4.32,3.72,4.23,,,16.57,
2025-08-08,,,,4.32,3.76,4.27,,,15.15,
2025-08-11,,,,4.34,3.76,4.27,,,16.25,
2025-08-12,,,,4.33,3.72,4.29,,,14.73,
2025-08-13,,,,4.29,3.67,4.24,,,14.49,
2025-08-14,,,,4.3,3.74,4.29,,,14.83,
2025-08-15,,,,4.3,3.74,4.29,,,14.83,
